Workbook
Name Attempt: [1]Lookup!$D$63:$D$64
Name Complete: [1]Lookup!$C$63:$C$65
Name Direction: Table247[Direction Short]
Name Distance: Lookup!$A$69:$A$103
Name Down: Lookup!$B$63:$B$67
Name Gap: Table1[Gap]
Name Hash: Table24[Hash Short]
Name Motion: Table4[Motion Short]
Name ODK: Table7[ODK Short]
Name PassData: 'Chart Data'!$A$2:$D$11
Name PlayData: Table11[#All]
Name PlayType: Table8[Play Type Long]
Name QTR: Table1[Qtr]
Name Strength: Table2[Strength Short]
Name Zone: Table246[Pass Zone Short]

Sheet Passing Chart
A1: Pass Attempts by Zone
B2: Left | H2: Middle | N2: Right
B3: =IFERROR(TEXT(GETPIVOTDATA("Attempted",Refresh!$A$9,"Direction","L")/GETPIVOTDATA("Attempted",Refresh!$A$9),"##0%"),"0") -> 29% | H3: =IFERROR(TEXT(GETPIVOTDATA("Attempted",Refresh!$A$9,"Direction","M")/GETPIVOTDATA("Attempted",Refresh!$A$9),"##0%"),"0") -> 41% | N3: =IFERROR(TEXT(GETPIVOTDATA("Attempted",Refresh!$A$9,"Direction","R")/GETPIVOTDATA("Attempted",Refresh!$A$9),"##0%"),"0") -> 31%
B4: =TEXT(IFERROR(GETPIVOTDATA("Yard",Refresh!$A$9,"Direction","L"),0),"#,##0")&" yards"&" ("&TEXT(IFERROR(GETPIVOTDATA("Yard",Refresh!$A$9,"Direction","L")/GETPIVOTDATA("Yard",Refresh!$A$9),0),"##0%")&")" -> 134 yards (56%) | H4: =TEXT(IFERROR(GETPIVOTDATA("Yard",Refresh!$A$9,"Direction","M"),0),"#,##0")&" yards"&" ("&TEXT(IFERROR(GETPIVOTDATA("Yard",Refresh!$A$9,"Direction","m")/GETPIVOTDATA("Yard",Refresh!$A$9),0),"##0%")&")" -> -114 yards (-48%) | N4: =TEXT(IFERROR(GETPIVOTDATA("Yard",Refresh!$A$9,"Direction","R"),0),"#,##0")&" yards"&" ("&TEXT(IFERROR(GETPIVOTDATA("Yard",Refresh!$A$9,"Direction","R")/GETPIVOTDATA("Yard",Refresh!$A$9),0),"##0%")&")" -> 218 yards (92%)

Sheet Run Chart
A1: Rushing Attempts by Gap
C2: Left | K2: Right
C3: =TEXT(IFERROR(GETPIVOTDATA("Sum of Attempts",Refresh!$A$25,"Direction","L"),0),"##0%") -> 39% | K3: =TEXT(IFERROR(GETPIVOTDATA("Sum of Attempts",Refresh!$A$25,"Direction","R"),0),"##0%") -> 61%
C4: =TEXT(IFERROR(GETPIVOTDATA("Sum of Yards",Refresh!$A$25,"Direction","L"),0),"#,##0")&" yards"&" ("&TEXT(IFERROR(GETPIVOTDATA("Sum of Yards2",Refresh!$A$25,"Direction","L"),0),"##0%")&")" -> 557 yards (37%) | K4: =TEXT(IFERROR(GETPIVOTDATA("Sum of Yards",Refresh!$A$25,"Direction","r"),0),"#,##0")&" yards"&" ("&TEXT(IFERROR(GETPIVOTDATA("Sum of Yards2",Refresh!$A$25,"Direction","r"),0),"##0%")&")" -> 942 yards (63%)

Sheet Summary
A1: Run / Pass | F1: Down | J1: Down & Distance | N1: Field Postion
B2: Attempts | C2: Yards | D2: Avg | G2: Run | H2: Pass | K2: Run | L2: Pass | O2: Run | P2: Pass
A3: Run | B3: =TEXT(IFERROR(GETPIVOTDATA("Count of Play",Refresh!$A$47,"Play Type","Run"),0),"##0%") -> 72% | C3: =TEXT(GETPIVOTDATA("Yards ",Refresh!$A$47,"Play Type","Run"),"#,##0") -> 1,499 | D3: =TEXT(IFERROR(GETPIVOTDATA("Sum of Yds per Att",Refresh!$A$47,"Play Type","Run"),0),"###0.0") -> 5.5 | F3: 1st | G3: =TEXT(IFERROR(GETPIVOTDATA("% Attempts",Refresh!$A$68,"Down",1,"Play Type","Run"),0),"##0%") -> 78% | H3: =TEXT(IFERROR(GETPIVOTDATA("% Attempts",Refresh!$A$68,"Down",1,"Play Type","Pass"),0),"##0%") -> 22% | J3: 1st & 10+ | K3: =TEXT(IFERROR(GETPIVOTDATA("% Attempts",Refresh!$A$148,"Play Type","Run","D&D","01: 1st & 10+"),0),"##0%") -> 79% | L3: =TEXT(IFERROR(GETPIVOTDATA("% Attempts",Refresh!$A$148,"Play Type","Pass","D&D","01: 1st & 10+"),0),"##0%") -> 21% | N3: 0 - 20 | O3: =TEXT(IFERROR(GETPIVOTDATA("% Attempts",Refresh!$A$125,"Play Type","Run","Yard Line Zone","0-20"),0),"##0%") -> 67% | P3: =TEXT(IFERROR(GETPIVOTDATA("% Attempts",Refresh!$A$125,"Play Type","Pass","Yard Line Zone","0-20"),0),"##0%") -> 33%
B4: =TEXT(GETPIVOTDATA("Sum of Attempts",Refresh!$A$47,"Play Type","Run"),"##0")&"/"&TEXT(GETPIVOTDATA("Sum of Attempts",Refresh!$A$47),"##0") -> 271/376 | G4: =TEXT(IFERROR(GETPIVOTDATA("Count of Attempts",Refresh!$A$68,"Down",1,"Play Type","Run"),0),"##0")&"/"&TEXT(IFERROR(GETPIVOTDATA("Count of Attempts",Refresh!$A$68,"Down",1),0),"##0") -> 124/158 | H4: =TEXT(IFERROR(GETPIVOTDATA("Count of Attempts",Refresh!$A$68,"Down",1,"Play Type","Pass"),0),"##0")&"/"&TEXT(IFERROR(GETPIVOTDATA("Count of Attempts",Refresh!$A$68,"Down",1),0),"##0") -> 34/158 | K4: =TEXT(IFERROR(GETPIVOTDATA("Count of Attempts",Refresh!$A$148,"Play Type","Run","D&D","01: 1st & 10+"),0),"##0")&"/"&GETPIVOTDATA("Count of Attempts",Refresh!$A$148,"D&D","01: 1st & 10+") -> 61/77 | L4: =TEXT(IFERROR(GETPIVOTDATA("Count of Attempts",Refresh!$A$148,"Play Type","Pass","D&D","01: 1st & 10+"),0),"##0")&"/"&GETPIVOTDATA("Count of Attempts",Refresh!$A$148,"D&D","01: 1st & 10+") -> 16/77 | O4: =TEXT(IFERROR(GETPIVOTDATA("Count of Attempts",Refresh!$A$125,"Play Type","Run","Yard Line Zone","0-20"),0),"##0")&"/"&TEXT(IFERROR(GETPIVOTDATA("Count of Attempts",Refresh!$A$125,"Yard Line Zone","0-20"),0),"##0") -> 22/33 | P4: =TEXT(IFERROR(GETPIVOTDATA("Count of Attempts",Refresh!$A$125,"Play Type","Pass","Yard Line Zone","0-20"),0),"##0")&"/"&TEXT(IFERROR(GETPIVOTDATA("Count of Attempts",Refresh!$A$125,"Yard Line Zone","0-20"),0),"##0") -> 11/33
A5: Pass | B5: =TEXT(IFERROR(GETPIVOTDATA("Count of Play",Refresh!$A$47,"Play Type","Pass"),0),"##0%") -> 28% | C5: =TEXT(GETPIVOTDATA("Yards ",Refresh!$A$47,"Play Type","Pass"),"#,##0") -> 235 | D5: =TEXT(IFERROR(GETPIVOTDATA("Sum of Yds per Att",Refresh!$A$47,"Play Type","Pass"),0),"###0.0") -> 2.2 | F5: 2nd | G5: =TEXT(IFERROR(GETPIVOTDATA("% Attempts",Refresh!$A$68,"Down",2,"Play Type","Run"),0),"##0%") -> 77% | H5: =TEXT(IFERROR(GETPIVOTDATA("% Attempts",Refresh!$A$68,"Down",2,"Play Type","Pass"),0),"##0%") -> 23% | J5: 1st & < 10 | K5: =TEXT(IFERROR(GETPIVOTDATA("% Attempts",Refresh!$A$148,"Play Type","Run","D&D","02: 1st & < 10"),0),"##0%") -> 83% | L5: =TEXT(IFERROR(GETPIVOTDATA("% Attempts",Refresh!$A$148,"Play Type","Pass","D&D","02: 1st & < 10"),0),"##0%") -> 17% | N5: 21 - 49 | O5: =TEXT(IFERROR(GETPIVOTDATA("% Attempts",Refresh!$A$125,"Play Type","Run","Yard Line Zone","21-49"),0),"##0%") -> 71% | P5: =TEXT(IFERROR(GETPIVOTDATA("% Attempts",Refresh!$A$125,"Play Type","Pass","Yard Line Zone","21-49"),0),"##0%") -> 29%
B6: =TEXT(GETPIVOTDATA("Sum of Attempts",Refresh!$A$47,"Play Type","Pass"),"##0")&"/"&TEXT(GETPIVOTDATA("Sum of Attempts",Refresh!$A$47),"##0") -> 105/376 | G6: =TEXT(IFERROR(GETPIVOTDATA("Count of Attempts",Refresh!$A$68,"Down",2,"Play Type","Run"),0),"##0")&"/"&TEXT(IFERROR(GETPIVOTDATA("Count of Attempts",Refresh!$A$68,"Down",2),0),"##0") -> 99/128 | H6: =TEXT(IFERROR(GETPIVOTDATA("Count of Attempts",Refresh!$A$68,"Down",2,"Play Type","Pass"),0),"##0")&"/"&TEXT(IFERROR(GETPIVOTDATA("Count of Attempts",Refresh!$A$68,"Down",2),0),"##0") -> 29/128 | K6: =TEXT(IFERROR(GETPIVOTDATA("Count of Attempts",Refresh!$A$148,"Play Type","Run","D&D","02: 1st & < 10"),0),"##0")&"/"&GETPIVOTDATA("Count of Attempts",Refresh!$A$148,"D&D","02: 1st & < 10") -> 5/6 | L6: =TEXT(IFERROR(GETPIVOTDATA("Count of Attempts",Refresh!$A$148,"Play Type","Pass","D&D","02: 1st & < 10"),0),"##0")&"/"&GETPIVOTDATA("Count of Attempts",Refresh!$A$148,"D&D","02: 1st & < 10") -> 1/6 | O6: =TEXT(IFERROR(GETPIVOTDATA("Count of Attempts",Refresh!$A$125,"Play Type","Run","Yard Line Zone","21-49"),0),"##0")&"/"&TEXT(IFERROR(GETPIVOTDATA("Count of Attempts",Refresh!$A$125,"Yard Line Zone","21-49"),0),"##0") -> 123/173 | P6: =TEXT(IFERROR(GETPIVOTDATA("Count of Attempts",Refresh!$A$125,"Play Type","Pass","Yard Line Zone","21-49"),0),"##0")&"/"&TEXT(IFERROR(GETPIVOTDATA("Count of Attempts",Refresh!$A$125,"Yard Line Zone","21-49"),0),"##0") -> 50/173
F7: 3rd | G7: =TEXT(IFERROR(GETPIVOTDATA("% Attempts",Refresh!$A$68,"Down",3,"Play Type","Run"),0),"##0%") -> 56% | H7: =TEXT(IFERROR(GETPIVOTDATA("% Attempts",Refresh!$A$68,"Down",3,"Play Type","Pass"),0),"##0%") -> 44% | J7: 2nd & 8+ | K7: =TEXT(IFERROR(GETPIVOTDATA("% Attempts",Refresh!$A$148,"Play Type","Run","D&D","03: 2nd & 8+"),0),"##0%") -> 68% | L7: =TEXT(IFERROR(GETPIVOTDATA("% Attempts",Refresh!$A$148,"Play Type","Pass","D&D","03: 2nd & 8+"),0),"##0%") -> 33% | N7: 50 - 21 | O7: =TEXT(IFERROR(GETPIVOTDATA("% Attempts",Refresh!$A$125,"Play Type","Run","Yard Line Zone","50-21"),0),"##0%") -> 69% | P7: =TEXT(IFERROR(GETPIVOTDATA("% Attempts",Refresh!$A$125,"Play Type","Pass","Yard Line Zone","50-21"),0),"##0%") -> 31%
G8: =TEXT(IFERROR(GETPIVOTDATA("Count of Attempts",Refresh!$A$68,"Down",3,"Play Type","Run"),0),"##0")&"/"&TEXT(IFERROR(GETPIVOTDATA("Count of Attempts",Refresh!$A$68,"Down",3),0),"##0") -> 44/79 | H8: =TEXT(IFERROR(GETPIVOTDATA("Count of Attempts",Refresh!$A$68,"Down",3,"Play Type","Pass"),0),"##0")&"/"&TEXT(IFERROR(GETPIVOTDATA("Count of Attempts",Refresh!$A$68,"Down",3),0),"##0") -> 35/79 | K8: =TEXT(IFERROR(GETPIVOTDATA("Count of Attempts",Refresh!$A$148,"Play Type","Run","D&D","03: 2nd & 8+"),0),"##0")&"/"&GETPIVOTDATA("Count of Attempts",Refresh!$A$148,"D&D","03: 2nd & 8+") -> 27/40 | L8: =TEXT(IFERROR(GETPIVOTDATA("Count of Attempts",Refresh!$A$148,"Play Type","Pass","D&D","03: 2nd & 8+"),0),"##0")&"/"&GETPIVOTDATA("Count of Attempts",Refresh!$A$148,"D&D","03: 2nd & 8+") -> 13/40 | O8: =TEXT(IFERROR(GETPIVOTDATA("Count of Attempts",Refresh!$A$125,"Play Type","Run","Yard Line Zone","50-21"),0),"##0")&"/"&TEXT(IFERROR(GETPIVOTDATA("Count of Attempts",Refresh!$A$125,"Yard Line Zone","50-21"),0),"##0") -> 82/118 | P8: =TEXT(IFERROR(GETPIVOTDATA("Count of Attempts",Refresh!$A$125,"Play Type","Pass","Yard Line Zone","50-21"),0),"##0")&"/"&TEXT(IFERROR(GETPIVOTDATA("Count of Attempts",Refresh!$A$125,"Yard Line Zone","50-21"),0),"##0") -> 36/118
A9: Strength | F9: 4th | G9: =TEXT(IFERROR(GETPIVOTDATA("% Attempts",Refresh!$A$68,"Down",4,"Play Type","Run"),0),"##0%") -> 36% | H9: =TEXT(IFERROR(GETPIVOTDATA("% Attempts",Refresh!$A$68,"Down",4,"Play Type","Pass"),0),"##0%") -> 64% | J9: 2nd & 4 - 7 | K9: =TEXT(IFERROR(GETPIVOTDATA("% Attempts",Refresh!$A$148,"Play Type","Run","D&D","04: 2nd & 4 - 7"),0),"##0%") -> 95% | L9: =TEXT(IFERROR(GETPIVOTDATA("% Attempts",Refresh!$A$148,"Play Type","Pass","D&D","04: 2nd & 4 - 7"),0),"##0%") -> 5% | N9: Red Zone | O9: =TEXT(IFERROR(GETPIVOTDATA("% Attempts",Refresh!$A$125,"Play Type","Run","Yard Line Zone","Red Zone"),0),"##0%") -> 85% | P9: =TEXT(IFERROR(GETPIVOTDATA("% Attempts",Refresh!$A$125,"Play Type","Pass","Yard Line Zone","Red Zone"),0),"##0%") -> 15%
C10: Yards | D10: Avg | G10: =TEXT(IFERROR(GETPIVOTDATA("Count of Attempts",Refresh!$A$68,"Down",4,"Play Type","Run"),0),"##0")&"/"&TEXT(IFERROR(GETPIVOTDATA("Count of Attempts",Refresh!$A$68,"Down",4),0),"##0") -> 4/11 | H10: =TEXT(IFERROR(GETPIVOTDATA("Count of Attempts",Refresh!$A$68,"Down",4,"Play Type","Pass"),0),"##0")&"/"&TEXT(IFERROR(GETPIVOTDATA("Count of Attempts",Refresh!$A$68,"Down",4),0),"##0") -> 7/11 | K10: =TEXT(IFERROR(GETPIVOTDATA("Count of Attempts",Refresh!$A$148,"Play Type","Run","D&D","04: 2nd & 4 - 7"),0),"##0")&"/"&GETPIVOTDATA("Count of Attempts",Refresh!$A$148,"D&D","04: 2nd & 4 - 7") -> 18/19 | L10: =TEXT(IFERROR(GETPIVOTDATA("Count of Attempts",Refresh!$A$148,"Play Type","Pass","D&D","04: 2nd & 4 - 7"),0),"##0")&"/"&GETPIVOTDATA("Count of Attempts",Refresh!$A$148,"D&D","04: 2nd & 4 - 7") -> 1/19 | O10: =TEXT(IFERROR(GETPIVOTDATA("Count of Attempts",Refresh!$A$125,"Play Type","Run","Yard Line Zone","Red Zone"),0),"##0")&"/"&TEXT(IFERROR(GETPIVOTDATA("Count of Attempts",Refresh!$A$125,"Yard Line Zone","Red Zone"),0),"##0") -> 39/46 | P10: =TEXT(IFERROR(GETPIVOTDATA("Count of Attempts",Refresh!$A$125,"Play Type","Pass","Yard Line Zone","Red Zone"),0),"##0")&"/"&TEXT(IFERROR(GETPIVOTDATA("Count of Attempts",Refresh!$A$125,"Yard Line Zone","Red Zone"),0),"##0") -> 7/46
A11: Left | B11: =TEXT(IFERROR(GETPIVOTDATA("Sum of Attempts",Refresh!$A$97,"Strength","L"),0),"##0%") -> 0% | C11: =TEXT(IFERROR(GETPIVOTDATA("Sum of Yards",Refresh!$A$97,"Strength","L"),0),"###0") -> 0 | D11: =TEXT(IFERROR(GETPIVOTDATA("Sum of Yrd per Att/",Refresh!$A$97,"Strength","L"),0),"###0.0") -> 0.0 | F11: Total | G11: =TEXT(IFERROR(GETPIVOTDATA("% Attempts",Refresh!$A$68,"Play Type","Run"),0),"##0%") -> 72% | H11: =TEXT(IFERROR(GETPIVOTDATA("% Attempts",Refresh!$A$68,"Play Type","Pass"),0),"##0%") -> 28% | J11: 2nd & < 4 | K11: =TEXT(IFERROR(GETPIVOTDATA("% Attempts",Refresh!$A$148,"Play Type","Run","D&D","05: 2nd & < 4"),0),"##0%") -> 89% | L11: =TEXT(IFERROR(GETPIVOTDATA("% Attempts",Refresh!$A$148,"Play Type","Pass","D&D","05: 2nd & < 4"),0),"##0%") -> 11% | N11: Goal Line | O11: =TEXT(IFERROR(GETPIVOTDATA("% Attempts",Refresh!$A$125,"Play Type","Run","Yard Line Zone","Goal Line"),0),"##0%") -> 83% | P11: =TEXT(IFERROR(GETPIVOTDATA("% Attempts",Refresh!$A$125,"Play Type","Pass","Yard Line Zone","Goal Line"),0),"##0%") -> 17%
B12: =TEXT(IFERROR(GETPIVOTDATA("Sum of Attempts2",Refresh!$A$97,"Strength","L"),0),"##0")&"/"&TEXT(IFERROR(GETPIVOTDATA("Sum of Attempts2",Refresh!$A$97),0),"##0") -> 0/0 | G12: =TEXT(IFERROR(GETPIVOTDATA("Count of Attempts",Refresh!$A$68,"Play Type","Run"),0),"##0")&"/"&TEXT(IFERROR(GETPIVOTDATA("Count of Attempts",Refresh!$A$68),0),"##0") -> 271/376 | H12: =TEXT(IFERROR(GETPIVOTDATA("Count of Attempts",Refresh!$A$68,"Play Type","Pass"),0),"##0")&"/"&TEXT(IFERROR(GETPIVOTDATA("Count of Attempts",Refresh!$A$68),0),"##0") -> 105/376 | K12: =TEXT(IFERROR(GETPIVOTDATA("Count of Attempts",Refresh!$A$148,"Play Type","Run","D&D","05: 2nd & < 4"),0),"##0")&"/"&GETPIVOTDATA("Count of Attempts",Refresh!$A$148,"D&D","05: 2nd & < 4") -> 8/9 | L12: =TEXT(IFERROR(GETPIVOTDATA("Count of Attempts",Refresh!$A$148,"Play Type","Pass","D&D","05: 2nd & < 4"),0),"##0")&"/"&GETPIVOTDATA("Count of Attempts",Refresh!$A$148,"D&D","05: 2nd & < 4") -> 1/9 | O12: =TEXT(IFERROR(GETPIVOTDATA("Count of Attempts",Refresh!$A$125,"Play Type","Run","Yard Line Zone","Goal Line"),0),"##0")&"/"&TEXT(IFERROR(GETPIVOTDATA("Count of Attempts",Refresh!$A$125,"Yard Line Zone","Goal Line"),0),"##0") -> 5/6 | P12: =TEXT(IFERROR(GETPIVOTDATA("Count of Attempts",Refresh!$A$125,"Play Type","Pass","Yard Line Zone","Goal Line"),0),"##0")&"/"&TEXT(IFERROR(GETPIVOTDATA("Count of Attempts",Refresh!$A$125,"Yard Line Zone","Goal Line"),0),"##0") -> 1/6
A13: Right | B13: =TEXT(IFERROR(GETPIVOTDATA("Sum of Attempts",Refresh!$A$97,"Strength","R"),0),"##0%") -> 0% | C13: =TEXT(IFERROR(GETPIVOTDATA("Sum of Yards",Refresh!$A$97,"Strength","R"),0),"###0") -> 0 | D13: =TEXT(IFERROR(GETPIVOTDATA("Sum of Yrd per Att/",Refresh!$A$97,"Strength","R"),0),"###0.0") -> 0.0 | J13: 3rd & 8+ | K13: =TEXT(IFERROR(GETPIVOTDATA("% Attempts",Refresh!$A$148,"Play Type","Run","D&D","06: 3rd & 8+"),0),"##0%") -> 59% | L13: =TEXT(IFERROR(GETPIVOTDATA("% Attempts",Refresh!$A$148,"Play Type","Pass","D&D","06: 3rd & 8+"),0),"##0%") -> 41%
B14: =TEXT(IFERROR(GETPIVOTDATA("Sum of Attempts2",Refresh!$A$97,"Strength","R"),0),"##0")&"/"&TEXT(IFERROR(GETPIVOTDATA("Sum of Attempts2",Refresh!$A$97),0),"##0") -> 0/0 | K14: =TEXT(IFERROR(GETPIVOTDATA("Count of Attempts",Refresh!$A$148,"Play Type","Run","D&D","06: 3rd & 8+"),0),"##0")&"/"&GETPIVOTDATA("Count of Attempts",Refresh!$A$148,"D&D","06: 3rd & 8+") -> 13/22 | L14: =TEXT(IFERROR(GETPIVOTDATA("Count of Attempts",Refresh!$A$148,"Play Type","Pass","D&D","06: 3rd & 8+"),0),"##0")&"/"&GETPIVOTDATA("Count of Attempts",Refresh!$A$148,"D&D","06: 3rd & 8+") -> 9/22
A15: BAL | B15: =TEXT(IFERROR(GETPIVOTDATA("Sum of Attempts",Refresh!$A$97,"Strength","BAL"),0),"##0%") -> 0% | C15: =TEXT(IFERROR(GETPIVOTDATA("Sum of Yards",Refresh!$A$97,"Strength","BAL"),0),"###0") -> 0 | D15: =TEXT(IFERROR(GETPIVOTDATA("Sum of Yrd per Att/",Refresh!$A$97,"Strength","BAL"),0),"###0.0") -> 0.0 | J15: 3rd & 4 - 7 | K15: =TEXT(IFERROR(GETPIVOTDATA("% Attempts",Refresh!$A$148,"Play Type","Run","D&D","07: 3rd & 4 - 7"),0),"##0%") -> 67% | L15: =TEXT(IFERROR(GETPIVOTDATA("% Attempts",Refresh!$A$148,"Play Type","Pass","D&D","07: 3rd & 4 - 7"),0),"##0%") -> 33%
B16: =TEXT(IFERROR(GETPIVOTDATA("Sum of Attempts2",Refresh!$A$97,"Strength","BAL"),0),"##0")&"/"&TEXT(IFERROR(GETPIVOTDATA("Sum of Attempts2",Refresh!$A$97),0),"##0") -> 0/0 | K16: =TEXT(IFERROR(GETPIVOTDATA("Count of Attempts",Refresh!$A$148,"Play Type","Run","D&D","01: 1st & 10+"),0),"##0")&"/"&GETPIVOTDATA("Count of Attempts",Refresh!$A$148,"D&D","01: 1st & 10+") -> 61/77 | L16: =TEXT(IFERROR(GETPIVOTDATA("Count of Attempts",Refresh!$A$148,"Play Type","Pass","D&D","01: 1st & 10+"),0),"##0")&"/"&GETPIVOTDATA("Count of Attempts",Refresh!$A$148,"D&D","01: 1st & 10+") -> 16/77 | N16: Field vs Boundry
A17: Strong | B17: =TEXT(IFERROR(GETPIVOTDATA("Sum of Attempts",Refresh!$A$83,"Strength1","Strong"),0),"##0%") -> 0% | C17: =TEXT(IFERROR(GETPIVOTDATA("Sum of Yards",Refresh!$A$83,"Strength1","Strong"),0),"#,##0") -> 0 | D17: =TEXT(IFERROR(GETPIVOTDATA("Sum of Yrd per Att/",Refresh!$A$83,"Strength1","Strong"),0),"#0.0") -> 0.0 | J17: 3rd & < 4 | K17: =TEXT(IFERROR(GETPIVOTDATA("% Attempts",Refresh!$A$148,"Play Type","Run","D&D","08: 3rd & < 4"),0),"##0%") -> 100% | L17: =TEXT(IFERROR(GETPIVOTDATA("% Attempts",Refresh!$A$148,"Play Type","Pass","D&D","08: 3rd & < 4"),0),"##0%") -> 0%
B18: =TEXT(IFERROR(GETPIVOTDATA("Sum of Attempts2",Refresh!$A$83,"Strength1","Strong"),0),"##0")&"/"&TEXT(IFERROR(GETPIVOTDATA("Sum of Attempts2",Refresh!$A$83),0),"##0") -> 0/0 | K18: =TEXT(IFERROR(GETPIVOTDATA("Count of Attempts",Refresh!$A$148,"Play Type","Run","D&D","08: 3rd & < 4"),0),"##0")&"/"&GETPIVOTDATA("Count of Attempts",Refresh!$A$148,"D&D","08: 3rd & < 4") -> 9/9 | L18: =TEXT(IFERROR(GETPIVOTDATA("Count of Attempts",Refresh!$A$148,"Play Type","Pass","D&D","08: 3rd & < 4"),0),"##0")&"/"&GETPIVOTDATA("Count of Attempts",Refresh!$A$148,"D&D","08: 3rd & < 4") -> 0/9 | N18: Run | O18: Field | P18: =TEXT(IFERROR(GETPIVOTDATA("% Attempts",Refresh!$A$111,"Play Type","Run","Boundry","Field"),0),"##0%") -> 61%
A19: Weak | B19: =TEXT(IFERROR(GETPIVOTDATA("Sum of Attempts",Refresh!$A$83,"Strength1","Weak"),0),"##0%") -> 0% | C19: =TEXT(IFERROR(GETPIVOTDATA("Sum of Yards",Refresh!$A$83,"Strength1","Weak"),0),"#,##0") -> 0 | D19: =TEXT(IFERROR(GETPIVOTDATA("Sum of Yrd per Att/",Refresh!$A$83,"Strength1","Weak"),0),"#0.0") -> 0.0 | J19: 4th & 2+ | K19: =TEXT(IFERROR(GETPIVOTDATA("% Attempts",Refresh!$A$148,"Play Type","Run","D&D","09: 4th & 2+"),0),"##0%") -> 50% | L19: =TEXT(IFERROR(GETPIVOTDATA("% Attempts",Refresh!$A$148,"Play Type","Pass","D&D","09: 4th & 2+"),0),"##0%") -> 50% | O19: (Wide) | P19: =TEXT(IFERROR(GETPIVOTDATA("Count of Attempts",Refresh!$A$111,"Play Type","Run","Boundry","Field"),0),"##0")&"/"&TEXT(IFERROR(GETPIVOTDATA("Count of Attempts",Refresh!$A$111:$A$111,"Play Type","Run"),0),"###0") -> 132/218
B20: =TEXT(IFERROR(GETPIVOTDATA("Sum of Attempts2",Refresh!$A$83,"Strength1","Weak"),0),"##0")&"/"&TEXT(IFERROR(GETPIVOTDATA("Sum of Attempts2",Refresh!$A$83),0),"##0") -> 0/0 | K20: =TEXT(IFERROR(GETPIVOTDATA("Count of Attempts",Refresh!$A$148,"Play Type","Run","D&D","09: 4th & 2+"),0),"##0")&"/"&GETPIVOTDATA("Count of Attempts",Refresh!$A$148,"D&D","09: 4th & 2+") -> 4/8 | L20: =TEXT(IFERROR(GETPIVOTDATA("Count of Attempts",Refresh!$A$148,"Play Type","Pass","D&D","09: 4th & 2+"),0),"##0")&"/"&GETPIVOTDATA("Count of Attempts",Refresh!$A$148,"D&D","09: 4th & 2+") -> 4/8 | O20: Boundry | P20: =TEXT(IFERROR(GETPIVOTDATA("% Attempts",Refresh!$A$111,"Play Type","Run","Boundry","Boundry"),0),"##0%") -> 39%
A21: BAL | B21: =TEXT(IFERROR(GETPIVOTDATA("Sum of Attempts",Refresh!$A$83,"Strength1","BAL"),0),"##0%") -> 0% | C21: =TEXT(IFERROR(GETPIVOTDATA("Sum of Yards",Refresh!$A$83,"Strength1","BAL"),0),"#,##0") -> 0 | D21: =TEXT(IFERROR(GETPIVOTDATA("Sum of Yrd per Att/",Refresh!$A$83,"Strength1","BAL"),0),"#0.0") -> 0.0 | J21: 4th & ≤ 2 | K21: =TEXT(IFERROR(GETPIVOTDATA("% Attempts",Refresh!$A$148,"Play Type","Run","D&D","10: 4th & < 2"),0),"##0%") -> 0% | L21: =TEXT(IFERROR(GETPIVOTDATA("% Attempts",Refresh!$A$148,"Play Type","Pass","D&D","10: 4th & < 2"),0),"##0%") -> 0% | O21: (Short) | P21: =TEXT(IFERROR(GETPIVOTDATA("Count of Attempts",Refresh!$A$111,"Play Type","Run","Boundry","Boundry"),0),"##0")&"/"&TEXT(IFERROR(GETPIVOTDATA("Count of Attempts",Refresh!$A$111:$A$111,"Play Type","Run"),0),"###0") -> 86/218
B22: =TEXT(IFERROR(GETPIVOTDATA("Sum of Attempts2",Refresh!$A$83,"Strength1","BAL"),0),"##0")&"/"&TEXT(IFERROR(GETPIVOTDATA("Sum of Attempts2",Refresh!$A$83),0),"##0") -> 0/0 | K22: =TEXT(IFERROR(GETPIVOTDATA("Count of Attempts",Refresh!$A$148,"Play Type","Run","D&D","10: 4th & < 2"),0),"##0")&"/"&GETPIVOTDATA("Count of Attempts",Refresh!$A$148,"D&D","10: 4th & < 2") -> #REF! | L22: =TEXT(IFERROR(GETPIVOTDATA("Count of Attempts",Refresh!$A$148,"Play Type","Pass","D&D","10: 4th & < 2"),0),"##0")&"/"&GETPIVOTDATA("Count of Attempts",Refresh!$A$148,"D&D","10: 4th & < 2") -> #REF! | N22: Pass | O22: Field | P22: =TEXT(IFERROR(GETPIVOTDATA("% Attempts",Refresh!$A$111,"Play Type","Pass","Boundry","Field"),0),"##0%") -> 81%
O23: (Wide) | P23: =TEXT(IFERROR(GETPIVOTDATA("Count of Attempts",Refresh!$A$111,"Play Type","Pass","Boundry","Field"),0),"##0")&"/"&TEXT(IFERROR(GETPIVOTDATA("Count of Attempts",Refresh!$A$111:$A$111,"Play Type","Pass"),0),"###0") -> 51/63
O24: Boundry | P24: =TEXT(IFERROR(GETPIVOTDATA("% Attempts",Refresh!$A$111,"Play Type","Pass","Boundry","Boundry"),0),"##0%") -> 19%
A25: Down & Distance | O25: (Short) | P25: =TEXT(IFERROR(GETPIVOTDATA("Count of Attempts",Refresh!$A$111,"Play Type","Pass","Boundry","Boundry"),0),"##0")&"/"&TEXT(IFERROR(GETPIVOTDATA("Count of Attempts",Refresh!$A$111:$A$111,"Play Type","Pass"),0),"###0") -> 12/63
B26: 0-20 | D26: 21-49 | F26: 50-21 | H26: Red Zone | J26: Goal Line | N26: Total | O26: Field | P26: =TEXT(IFERROR(GETPIVOTDATA("% Attempts",Refresh!$A$111,"Boundry","Field"),0),"##0%") -> 65%
B27: Run | C27: Pass | D27: Run | E27: Pass | F27: Run | G27: Pass | H27: Run | I27: Pass | J27: Run | K27: Pass | O27: (Wide) | P27: =TEXT(IFERROR(GETPIVOTDATA("Count of Attempts",Refresh!$A$111,"Boundry","Field"),0),"##0")&"/"&TEXT(IFERROR(GETPIVOTDATA("Count of Attempts",Refresh!$A$111),0),"##0") -> 183/281
A28: 1st & 10+ | B28: =TEXT(IFERROR(GETPIVOTDATA("% Attempts",Refresh!$A$125,"Play Type","Run","D&D","01: 1st & 10+","Yard Line Zone","0-20"),0),"##0%") -> 75% | C28: =TEXT(IFERROR(GETPIVOTDATA("% Attempts",Refresh!$A$125,"Play Type","Pass","D&D","01: 1st & 10+","Yard Line Zone","0-20"),0),"##0%") -> 25% | D28: =TEXT(IFERROR(GETPIVOTDATA("% Attempts",Refresh!$A$125,"Play Type","Run","D&D","01: 1st & 10+","Yard Line Zone","21-49"),0),"##0%") -> 80% | E28: =TEXT(IFERROR(GETPIVOTDATA("% Attempts",Refresh!$A$125,"Play Type","Pass","D&D","01: 1st & 10+","Yard Line Zone","21-49"),0),"##0%") -> 20% | F28: =TEXT(IFERROR(GETPIVOTDATA("% Attempts",Refresh!$A$125,"Play Type","Run","D&D","01: 1st & 10+","Yard Line Zone","50-21"),0),"##0%") -> 79% | G28: =TEXT(IFERROR(GETPIVOTDATA("% Attempts",Refresh!$A$125,"Play Type","Pass","D&D","01: 1st & 10+","Yard Line Zone","50-21"),0),"##0%") -> 21% | H28: =TEXT(IFERROR(GETPIVOTDATA("% Attempts",Refresh!$A$125,"Play Type","Run","D&D","01: 1st & 10+","Yard Line Zone","Red Zone"),0),"##0%") -> 100% | I28: =TEXT(IFERROR(GETPIVOTDATA("% Attempts",Refresh!$A$125,"Play Type","Pass","D&D","01: 1st & 10+","Yard Line Zone","Red Zone"),0),"##0%") -> 0% | J28: =TEXT(IFERROR(GETPIVOTDATA("% Attempts",Refresh!$A$125,"Play Type","Run","D&D","01: 1st & 10+","Yard Line Zone","Goal Line"),0),"##0%") -> 0% | K28: =TEXT(IFERROR(GETPIVOTDATA("% Attempts",Refresh!$A$125,"Play Type","Pass","D&D","01: 1st & 10+","Yard Line Zone","Goal Line"),0),"##0%") -> 100% | O28: Boundry | P28: =TEXT(IFERROR(GETPIVOTDATA("% Attempts",Refresh!$A$111,"Boundry","Boundry"),0),"##0%") -> 35%
B29: =Refresh!AT129 -> 0 | C29: =Refresh!AU129 -> 0 | D29: =Refresh!AV129 -> 0 | E29: =Refresh!AW129 -> 0 | F29: =Refresh!AX129 -> 0 | G29: =Refresh!AY129 -> 0 | H29: =Refresh!AZ129 -> 0 | I29: =Refresh!BA129 -> 0 | ... K29: =Refresh!BC129 -> 0 | O29: (Short) | P29: =TEXT(IFERROR(GETPIVOTDATA("Count of Attempts",Refresh!$A$111,"Boundry","Boundry"),0),"##0")&"/"&TEXT(IFERROR(GETPIVOTDATA("Count of Attempts",Refresh!$A$111),0),"##0") -> 98/281
A30: 1st & < 10 | B30: =TEXT(IFERROR(GETPIVOTDATA("% Attempts",Refresh!$A$125,"Play Type","Run","D&D","02: 1st & < 10","Yard Line Zone","0-20"),0),"##0%") -> 0% | C30: =TEXT(IFERROR(GETPIVOTDATA("% Attempts",Refresh!$A$125,"Play Type","Pass","D&D","02: 1st & < 10","Yard Line Zone","0-20"),0),"##0%") -> 0% | D30: =TEXT(IFERROR(GETPIVOTDATA("% Attempts",Refresh!$A$125,"Play Type","Run","D&D","02: 1st & < 10","Yard Line Zone","21-49"),0),"##0%") -> 100% | E30: =TEXT(IFERROR(GETPIVOTDATA("% Attempts",Refresh!$A$125,"Play Type","Pass","D&D","02: 1st & < 10","Yard Line Zone","21-49"),0),"##0%") -> 0% | F30: =TEXT(IFERROR(GETPIVOTDATA("% Attempts",Refresh!$A$125,"Play Type","Run","D&D","02: 1st & < 10","Yard Line Zone","50-21"),0),"##0%") -> 100% | G30: =TEXT(IFERROR(GETPIVOTDATA("% Attempts",Refresh!$A$125,"Play Type","Pass","D&D","02: 1st & < 10","Yard Line Zone","50-21"),0),"##0%") -> 0% | H30: =TEXT(IFERROR(GETPIVOTDATA("% Attempts",Refresh!$A$125,"Play Type","Run","D&D","02: 1st & < 10","Yard Line Zone","Red Zone"),0),"##0%") -> 75% | I30: =TEXT(IFERROR(GETPIVOTDATA("% Attempts",Refresh!$A$125,"Play Type","Pass","D&D","02: 1st & < 10","Yard Line Zone","Red Zone"),0),"##0%") -> 25% | J30: =TEXT(IFERROR(GETPIVOTDATA("% Attempts",Refresh!$A$125,"Play Type","Run","D&D","02: 1st & < 10","Yard Line Zone","Goal Line"),0),"##0%") -> 0% | K30: =TEXT(IFERROR(GETPIVOTDATA("% Attempts",Refresh!$A$125,"Play Type","Pass","D&D","02: 1st & < 10","Yard Line Zone","Goal Line"),0),"##0%") -> 0%
B31: =Refresh!AT130 -> 0 | C31: =Refresh!AU130 -> 0 | D31: =Refresh!AV130 -> 0 | E31: =Refresh!AW130 -> 0 | F31: =Refresh!AX130 -> 0 | G31: =Refresh!AY130 -> 0 | H31: =Refresh!AZ130 -> 0 | I31: =Refresh!BA130 -> 0 | ... K31: =Refresh!BC130 -> 0
A32: 2nd & 8+ | B32: =TEXT(IFERROR(GETPIVOTDATA("% Attempts",Refresh!$A$125,"Play Type","Run","D&D","03: 2nd & 8+","Yard Line Zone","0-20"),0),"##0%") -> 71% | C32: =TEXT(IFERROR(GETPIVOTDATA("% Attempts",Refresh!$A$125,"Play Type","Pass","D&D","03: 2nd & 8+","Yard Line Zone","0-20"),0),"##0%") -> 29% | D32: =TEXT(IFERROR(GETPIVOTDATA("% Attempts",Refresh!$A$125,"Play Type","Run","D&D","03: 2nd & 8+","Yard Line Zone","21-49"),0),"##0%") -> 69% | E32: =TEXT(IFERROR(GETPIVOTDATA("% Attempts",Refresh!$A$125,"Play Type","Pass","D&D","03: 2nd & 8+","Yard Line Zone","21-49"),0),"##0%") -> 31% | F32: =TEXT(IFERROR(GETPIVOTDATA("% Attempts",Refresh!$A$125,"Play Type","Run","D&D","03: 2nd & 8+","Yard Line Zone","50-21"),0),"##0%") -> 64% | G32: =TEXT(IFERROR(GETPIVOTDATA("% Attempts",Refresh!$A$125,"Play Type","Pass","D&D","03: 2nd & 8+","Yard Line Zone","50-21"),0),"##0%") -> 36% | H32: =TEXT(IFERROR(GETPIVOTDATA("% Attempts",Refresh!$A$125,"Play Type","Run","D&D","03: 2nd & 8+","Yard Line Zone","Red Zone"),0),"##0%") -> 60% | I32: =TEXT(IFERROR(GETPIVOTDATA("% Attempts",Refresh!$A$125,"Play Type","Pass","D&D","03: 2nd & 8+","Yard Line Zone","Red Zone"),0),"##0%") -> 40% | J32: =TEXT(IFERROR(GETPIVOTDATA("% Attempts",Refresh!$A$125,"Play Type","Run","D&D","03: 2nd & 8+","Yard Line Zone","Goal Line"),0),"##0%") -> 100% | K32: =TEXT(IFERROR(GETPIVOTDATA("% Attempts",Refresh!$A$125,"Play Type","Pass","D&D","03: 2nd & 8+","Yard Line Zone","Goal Line"),0),"##0%") -> 0%
B33: =Refresh!AT131 -> 0 | C33: =Refresh!AU131 -> 0 | D33: =Refresh!AV131 -> 0 | E33: =Refresh!AW131 -> 0 | F33: =Refresh!AX131 -> 0 | G33: =Refresh!AY131 -> 0 | H33: =Refresh!AZ131 -> 0 | I33: =Refresh!BA131 -> 0 | ... K33: =Refresh!BC131 -> 0
A34: 2nd & 4 - 7 | B34: =TEXT(IFERROR(GETPIVOTDATA("% Attempts",Refresh!$A$125,"Play Type","Run","D&D","04: 2nd & 4 - 7","Yard Line Zone","0-20"),0),"##0%") -> 100% | C34: =TEXT(IFERROR(GETPIVOTDATA("% Attempts",Refresh!$A$125,"Play Type","Pass","D&D","04: 2nd & 4 - 7","Yard Line Zone","0-20"),0),"##0%") -> 0% | D34: =TEXT(IFERROR(GETPIVOTDATA("% Attempts",Refresh!$A$125,"Play Type","Run","D&D","04: 2nd & 4 - 7","Yard Line Zone","21-49"),0),"##0%") -> 83% | E34: =TEXT(IFERROR(GETPIVOTDATA("% Attempts",Refresh!$A$125,"Play Type","Pass","D&D","04: 2nd & 4 - 7","Yard Line Zone","21-49"),0),"##0%") -> 17% | F34: =TEXT(IFERROR(GETPIVOTDATA("% Attempts",Refresh!$A$125,"Play Type","Run","D&D","04: 2nd & 4 - 7","Yard Line Zone","50-21"),0),"##0%") -> 100% | G34: =TEXT(IFERROR(GETPIVOTDATA("% Attempts",Refresh!$A$125,"Play Type","Pass","D&D","04: 2nd & 4 - 7","Yard Line Zone","50-21"),0),"##0%") -> 0% | H34: =TEXT(IFERROR(GETPIVOTDATA("% Attempts",Refresh!$A$125,"Play Type","Run","D&D","04: 2nd & 4 - 7","Yard Line Zone","Red Zone"),0),"##0%") -> 100% | I34: =TEXT(IFERROR(GETPIVOTDATA("% Attempts",Refresh!$A$125,"Play Type","Pass","D&D","04: 2nd & 4 - 7","Yard Line Zone","Red Zone"),0),"##0%") -> 0% | J34: =TEXT(IFERROR(GETPIVOTDATA("% Attempts",Refresh!$A$125,"Play Type","Run","D&D","04: 2nd & 4 - 7","Yard Line Zone","Goal Line"),0),"##0%") -> 0% | K34: =TEXT(IFERROR(GETPIVOTDATA("% Attempts",Refresh!$A$125,"Play Type","Pass","D&D","04: 2nd & 4 - 7","Yard Line Zone","Goal Line"),0),"##0%") -> 0%
B35: =Refresh!AT132 -> 0 | C35: =Refresh!AU132 -> 0 | D35: =Refresh!AV132 -> 0 | E35: =Refresh!AW132 -> 0 | F35: =Refresh!AX132 -> 0 | G35: =Refresh!AY132 -> 0 | H35: =Refresh!AZ132 -> 0 | I35: =Refresh!BA132 -> 0 | ... K35: =Refresh!BC132 -> 0
A36: 2nd & < 4 | B36: =TEXT(IFERROR(GETPIVOTDATA("% Attempts",Refresh!$A$125,"Play Type","Run","D&D","05: 2nd & < 4","Yard Line Zone","0-20"),0),"##0%") -> 0% | C36: =TEXT(IFERROR(GETPIVOTDATA("% Attempts",Refresh!$A$125,"Play Type","Pass","D&D","05: 2nd & < 4","Yard Line Zone","0-20"),0),"##0%") -> 0% | D36: =TEXT(IFERROR(GETPIVOTDATA("% Attempts",Refresh!$A$125,"Play Type","Run","D&D","05: 2nd & < 4","Yard Line Zone","21-49"),0),"##0%") -> 67% | E36: =TEXT(IFERROR(GETPIVOTDATA("% Attempts",Refresh!$A$125,"Play Type","Pass","D&D","05: 2nd & < 4","Yard Line Zone","21-49"),0),"##0%") -> 33% | F36: =TEXT(IFERROR(GETPIVOTDATA("% Attempts",Refresh!$A$125,"Play Type","Run","D&D","05: 2nd & < 4","Yard Line Zone","50-21"),0),"##0%") -> 100% | G36: =TEXT(IFERROR(GETPIVOTDATA("% Attempts",Refresh!$A$125,"Play Type","Pass","D&D","05: 2nd & < 4","Yard Line Zone","50-21"),0),"##0%") -> 0% | H36: =TEXT(IFERROR(GETPIVOTDATA("% Attempts",Refresh!$A$125,"Play Type","Run","D&D","05: 2nd & < 4","Yard Line Zone","Red Zone"),0),"##0%") -> 100% | I36: =TEXT(IFERROR(GETPIVOTDATA("% Attempts",Refresh!$A$125,"Play Type","Pass","D&D","05: 2nd & < 4","Yard Line Zone","Red Zone"),0),"##0%") -> 0% | J36: =TEXT(IFERROR(GETPIVOTDATA("% Attempts",Refresh!$A$125,"Play Type","Run","D&D","05: 2nd & < 4","Yard Line Zone","Goal Line"),0),"##0%") -> 0% | K36: =TEXT(IFERROR(GETPIVOTDATA("% Attempts",Refresh!$A$125,"Play Type","Pass","D&D","05: 2nd & < 4","Yard Line Zone","Goal Line"),0),"##0%") -> 0%
B37: =Refresh!AT133 -> 0 | C37: =Refresh!AU133 -> 0 | D37: =Refresh!AV133 -> 0 | E37: =Refresh!AW133 -> 0 | F37: =Refresh!AX133 -> 0 | G37: =Refresh!AY133 -> 0 | H37: =Refresh!AZ133 -> 0 | I37: =Refresh!BA133 -> 0 | ... K37: =Refresh!BC133 -> 0
A38: 3rd & 8+ | B38: =TEXT(IFERROR(GETPIVOTDATA("% Attempts",Refresh!$A$125,"Play Type","Run","D&D","06: 3rd & 8+","Yard Line Zone","0-20"),0),"##0%") -> 67% | C38: =TEXT(IFERROR(GETPIVOTDATA("% Attempts",Refresh!$A$125,"Play Type","Pass","D&D","06: 3rd & 8+","Yard Line Zone","0-20"),0),"##0%") -> 33% | D38: =TEXT(IFERROR(GETPIVOTDATA("% Attempts",Refresh!$A$125,"Play Type","Run","D&D","06: 3rd & 8+","Yard Line Zone","21-49"),0),"##0%") -> 67% | E38: =TEXT(IFERROR(GETPIVOTDATA("% Attempts",Refresh!$A$125,"Play Type","Pass","D&D","01: 1st & 10+","Yard Line Zone","21-49"),0),"##0%") -> 20% | F38: =TEXT(IFERROR(GETPIVOTDATA("% Attempts",Refresh!$A$125,"Play Type","Run","D&D","01: 1st & 10+","Yard Line Zone","50-21"),0),"##0%") -> 79% | G38: =TEXT(IFERROR(GETPIVOTDATA("% Attempts",Refresh!$A$125,"Play Type","Pass","D&D","01: 1st & 10+","Yard Line Zone","50-21"),0),"##0%") -> 21% | H38: =TEXT(IFERROR(GETPIVOTDATA("% Attempts",Refresh!$A$125,"Play Type","Run","D&D","01: 1st & 10+","Yard Line Zone","Red Zone"),0),"##0%") -> 100% | I38: =TEXT(IFERROR(GETPIVOTDATA("% Attempts",Refresh!$A$125,"Play Type","Pass","D&D","01: 1st & 10+","Yard Line Zone","Red Zone"),0),"##0%") -> 0% | J38: =TEXT(IFERROR(GETPIVOTDATA("% Attempts",Refresh!$A$125,"Play Type","Run","D&D","01: 1st & 10+","Yard Line Zone","Goal Line"),0),"##0%") -> 0% | K38: =TEXT(IFERROR(GETPIVOTDATA("% Attempts",Refresh!$A$125,"Play Type","Pass","D&D","01: 1st & 10+","Yard Line Zone","Goal Line"),0),"##0%") -> 100%
B39: =Refresh!AT134 -> 0 | C39: =Refresh!AU134 -> 0 | D39: =Refresh!AV134 -> 0 | E39: =Refresh!AW134 -> 0 | F39: =Refresh!AX134 -> 0 | G39: =Refresh!AY134 -> 0 | H39: =Refresh!AZ134 -> 0 | I39: =Refresh!BA134 -> 0 | ... K39: =Refresh!BC134 -> 0
A40: 3rd & 4 - 7 | B40: =TEXT(IFERROR(GETPIVOTDATA("% Attempts",Refresh!$A$125,"Play Type","Run","D&D","07: 3rd & 4 - 7","Yard Line Zone","0-20"),0),"##0%") -> 100% | C40: =TEXT(IFERROR(GETPIVOTDATA("% Attempts",Refresh!$A$125,"Play Type","Pass","D&D","07: 3rd & 4 - 7","Yard Line Zone","0-20"),0),"##0%") -> 0% | D40: =TEXT(IFERROR(GETPIVOTDATA("% Attempts",Refresh!$A$125,"Play Type","Run","D&D","07: 3rd & 4 - 7","Yard Line Zone","21-49"),0),"##0%") -> 67% | E40: =TEXT(IFERROR(GETPIVOTDATA("% Attempts",Refresh!$A$125,"Play Type","Pass","D&D","07: 3rd & 4 - 7","Yard Line Zone","21-49"),0),"##0%") -> 33% | F40: =TEXT(IFERROR(GETPIVOTDATA("% Attempts",Refresh!$A$125,"Play Type","Run","D&D","07: 3rd & 4 - 7","Yard Line Zone","50-21"),0),"##0%") -> 0% | G40: =TEXT(IFERROR(GETPIVOTDATA("% Attempts",Refresh!$A$125,"Play Type","Pass","D&D","07: 3rd & 4 - 7","Yard Line Zone","50-21"),0),"##0%") -> 100% | H40: =TEXT(IFERROR(GETPIVOTDATA("% Attempts",Refresh!$A$125,"Play Type","Run","D&D","07: 3rd & 4 - 7","Yard Line Zone","Red Zone"),0),"##0%") -> 100% | I40: =TEXT(IFERROR(GETPIVOTDATA("% Attempts",Refresh!$A$125,"Play Type","Pass","D&D","07: 3rd & 4 - 7","Yard Line Zone","Red Zone"),0),"##0%") -> 0% | J40: =TEXT(IFERROR(GETPIVOTDATA("% Attempts",Refresh!$A$125,"Play Type","Run","D&D","07: 3rd & 4 - 7","Yard Line Zone","Goal Line"),0),"##0%") -> 0% | K40: =TEXT(IFERROR(GETPIVOTDATA("% Attempts",Refresh!$A$125,"Play Type","Pass","D&D","07: 3rd & 4 - 7","Yard Line Zone","Goal Line"),0),"##0%") -> 0% | S40: v
B41: =Refresh!AT135 -> 0 | C41: =Refresh!AU135 -> 0 | D41: =Refresh!AV135 -> 0 | E41: =Refresh!AW135 -> 0 | F41: =Refresh!AX135 -> 0 | G41: =Refresh!AY135 -> 0 | H41: =Refresh!AZ135 -> 0 | I41: =Refresh!BA135 -> 0 | ... K41: =Refresh!BC135 -> 0
A42: 3rd & < 4 | B42: =TEXT(IFERROR(GETPIVOTDATA("% Attempts",Refresh!$A$125,"Play Type","Run","D&D","08: 3rd & < 4","Yard Line Zone","0-20"),0),"##0%") -> 0% | C42: =TEXT(IFERROR(GETPIVOTDATA("% Attempts",Refresh!$A$125,"Play Type","Pass","D&D","08: 3rd & < 4","Yard Line Zone","0-20"),0),"##0%") -> 0% | D42: =TEXT(IFERROR(GETPIVOTDATA("% Attempts",Refresh!$A$125,"Play Type","Run","D&D","08: 3rd & < 4","Yard Line Zone","21-49"),0),"##0%") -> 100% | E42: =TEXT(IFERROR(GETPIVOTDATA("% Attempts",Refresh!$A$125,"Play Type","Pass","D&D","08: 3rd & < 4","Yard Line Zone","21-49"),0),"##0%") -> 0% | F42: =TEXT(IFERROR(GETPIVOTDATA("% Attempts",Refresh!$A$125,"Play Type","Run","D&D","08: 3rd & < 4","Yard Line Zone","50-21"),0),"##0%") -> 100% | G42: =TEXT(IFERROR(GETPIVOTDATA("% Attempts",Refresh!$A$125,"Play Type","Pass","D&D","08: 3rd & < 4","Yard Line Zone","50-21"),0),"##0%") -> 0% | H42: =TEXT(IFERROR(GETPIVOTDATA("% Attempts",Refresh!$A$125,"Play Type","Run","D&D","08: 3rd & < 4","Yard Line Zone","Red Zone"),0),"##0%") -> 0% | I42: =TEXT(IFERROR(GETPIVOTDATA("% Attempts",Refresh!$A$125,"Play Type","Pass","D&D","08: 3rd & < 4","Yard Line Zone","Red Zone"),0),"##0%") -> 0% | J42: =TEXT(IFERROR(GETPIVOTDATA("% Attempts",Refresh!$A$125,"Play Type","Run","D&D","08: 3rd & < 4","Yard Line Zone","Goal Line"),0),"##0%") -> 0% | K42: =TEXT(IFERROR(GETPIVOTDATA("% Attempts",Refresh!$A$125,"Play Type","Pass","D&D","08: 3rd & < 4","Yard Line Zone","Goal Line"),0),"##0%") -> 0%
B43: =Refresh!AT136 -> 0 | C43: =Refresh!AU136 -> 0 | D43: =Refresh!AV136 -> 0 | E43: =Refresh!AW136 -> 0 | F43: =Refresh!AX136 -> 0 | G43: =Refresh!AY136 -> 0 | H43: =Refresh!AZ136 -> 0 | I43: =Refresh!BA136 -> 0 | ... K43: =Refresh!BC136 -> 0
A44: 4th & 2+ | B44: =TEXT(IFERROR(GETPIVOTDATA("% Attempts",Refresh!$A$125,"Play Type","Run","D&D","09: 4th & 2+","Yard Line Zone","0-20"),0),"##0%") -> 0% | C44: =TEXT(IFERROR(GETPIVOTDATA("% Attempts",Refresh!$A$125,"Play Type","Pass","D&D","09: 4th & 2+","Yard Line Zone","0-20"),0),"##0%") -> 0% | D44: =TEXT(IFERROR(GETPIVOTDATA("% Attempts",Refresh!$A$125,"Play Type","Run","D&D","09: 4th & 2+","Yard Line Zone","21-49"),0),"##0%") -> 50% | E44: =TEXT(IFERROR(GETPIVOTDATA("% Attempts",Refresh!$A$125,"Play Type","Pass","D&D","09: 4th & 2+","Yard Line Zone","21-49"),0),"##0%") -> 50% | F44: =TEXT(IFERROR(GETPIVOTDATA("% Attempts",Refresh!$A$125,"Play Type","Run","D&D","09: 4th & 2+","Yard Line Zone","50-21"),0),"##0%") -> 0% | G44: =TEXT(IFERROR(GETPIVOTDATA("% Attempts",Refresh!$A$125,"Play Type","Pass","D&D","09: 4th & 2+","Yard Line Zone","50-21"),0),"##0%") -> 100% | H44: =TEXT(IFERROR(GETPIVOTDATA("% Attempts",Refresh!$A$125,"Play Type","Run","D&D","09: 4th & 2+","Yard Line Zone","Red Zone"),0),"##0%") -> 100% | I44: =TEXT(IFERROR(GETPIVOTDATA("% Attempts",Refresh!$A$125,"Play Type","Pass","D&D","09: 4th & 2+","Yard Line Zone","Red Zone"),0),"##0%") -> 0% | J44: =TEXT(IFERROR(GETPIVOTDATA("% Attempts",Refresh!$A$125,"Play Type","Run","D&D","09: 4th & 2+","Yard Line Zone","Goal Line"),0),"##0%") -> 0% | K44: =TEXT(IFERROR(GETPIVOTDATA("% Attempts",Refresh!$A$125,"Play Type","Pass","D&D","09: 4th & 2+","Yard Line Zone","Goal Line"),0),"##0%") -> 0%
B45: =Refresh!AT137 -> 0 | C45: =Refresh!AU137 -> 0 | D45: =Refresh!AV137 -> 0 | E45: =Refresh!AW137 -> 0 | F45: =Refresh!AX137 -> 0 | G45: =Refresh!AY137 -> 0 | H45: =Refresh!AZ137 -> 0 | I45: =Refresh!BA137 -> 0 | ... K45: =Refresh!BC137 -> 0
A46: 4th & ≤ 2 | B46: =TEXT(IFERROR(GETPIVOTDATA("% Attempts",Refresh!$A$125,"Play Type","Run","D&D","10: 4th & < 2","Yard Line Zone","0-20"),0),"##0%") -> 0% | C46: =TEXT(IFERROR(GETPIVOTDATA("% Attempts",Refresh!$A$125,"Play Type","Pass","D&D","10: 4th & < 2","Yard Line Zone","0-20"),0),"##0%") -> 0% | D46: =TEXT(IFERROR(GETPIVOTDATA("% Attempts",Refresh!$A$125,"Play Type","Run","D&D","10: 4th & < 2","Yard Line Zone","21-49"),0),"##0%") -> 0% | E46: =TEXT(IFERROR(GETPIVOTDATA("% Attempts",Refresh!$A$125,"Play Type","Pass","D&D","10: 4th & < 2","Yard Line Zone","21-49"),0),"##0%") -> 0% | F46: =TEXT(IFERROR(GETPIVOTDATA("% Attempts",Refresh!$A$125,"Play Type","Run","D&D","10: 4th & < 2","Yard Line Zone","50-21"),0),"##0%") -> 0% | G46: =TEXT(IFERROR(GETPIVOTDATA("% Attempts",Refresh!$A$125,"Play Type","Pass","D&D","10: 4th & < 2","Yard Line Zone","50-21"),0),"##0%") -> 0% | H46: =TEXT(IFERROR(GETPIVOTDATA("% Attempts",Refresh!$A$125,"Play Type","Run","D&D","10: 4th & < 2","Yard Line Zone","Red Zone"),0),"##0%") -> 0% | I46: =TEXT(IFERROR(GETPIVOTDATA("% Attempts",Refresh!$A$125,"Play Type","Pass","D&D","10: 4th & < 2","Yard Line Zone","Red Zone"),0),"##0%") -> 0% | J46: =TEXT(IFERROR(GETPIVOTDATA("% Attempts",Refresh!$A$125,"Play Type","Run","D&D","10: 4th & < 2","Yard Line Zone","Goal Line"),0),"##0%") -> 0% | K46: =TEXT(IFERROR(GETPIVOTDATA("% Attempts",Refresh!$A$125,"Play Type","Pass","D&D","10: 4th & < 2","Yard Line Zone","Goal Line"),0),"##0%") -> 0%
B47: =Refresh!AT138 -> 0 | C47: =Refresh!AU138 -> 0 | D47: =Refresh!AV138 -> 0 | E47: =Refresh!AW138 -> 0 | F47: =Refresh!AX138 -> 0 | G47: =Refresh!AY138 -> 0 | H47: =Refresh!AZ138 -> 0 | I47: =Refresh!BA138 -> 0 | ... K47: =Refresh!BC138 -> 0
A48: TOTAL | B48: =TEXT(IFERROR(GETPIVOTDATA("% Attempts",Refresh!$A$125,"Play Type","Run","Yard Line Zone","0-20"),0),"##0%") -> 67% | C48: =TEXT(IFERROR(GETPIVOTDATA("% Attempts",Refresh!$A$125,"Play Type","Pass","Yard Line Zone","0-20"),0),"##0%") -> 33% | D48: =TEXT(IFERROR(GETPIVOTDATA("% Attempts",Refresh!$A$125,"Play Type","Run","Yard Line Zone","21-49"),0),"##0%") -> 71% | E48: =TEXT(IFERROR(GETPIVOTDATA("% Attempts",Refresh!$A$125,"Play Type","Pass","Yard Line Zone","21-49"),0),"##0%") -> 29% | F48: =TEXT(IFERROR(GETPIVOTDATA("% Attempts",Refresh!$A$125,"Play Type","Run","Yard Line Zone","50-21"),0),"##0%") -> 69% | G48: =TEXT(IFERROR(GETPIVOTDATA("% Attempts",Refresh!$A$125,"Play Type","Pass","Yard Line Zone","50-21"),0),"##0%") -> 31% | H48: =TEXT(IFERROR(GETPIVOTDATA("% Attempts",Refresh!$A$125,"Play Type","Run","Yard Line Zone","Red Zone"),0),"##0%") -> 85% | I48: =TEXT(IFERROR(GETPIVOTDATA("% Attempts",Refresh!$A$125,"Play Type","Pass","Yard Line Zone","Red Zone"),0),"##0%") -> 15% | J48: =TEXT(IFERROR(GETPIVOTDATA("% Attempts",Refresh!$A$125,"Play Type","Run","Yard Line Zone","Goal Line"),0),"##0%") -> 83% | K48: =TEXT(IFERROR(GETPIVOTDATA("% Attempts",Refresh!$A$125,"Play Type","Pass","Yard Line Zone","Goal Line"),0),"##0%") -> 17%
B49: =Refresh!AT139 -> 0 | C49: =Refresh!AU139 -> 0 | D49: =Refresh!AV139 -> 0 | E49: =Refresh!AW139 -> 0 | F49: =Refresh!AX139 -> 0 | G49: =Refresh!AY139 -> 0 | H49: =Refresh!AZ139 -> 0 | I49: =Refresh!BA139 -> 0 | ... K49: =Refresh!BC139 -> 0

Sheet Enter Numbers Here
A1: Play | B1: ODK | C1: Down | D1: Distance | E1: Yard Line | F1: Gain/Loss | G1: Hash | H1: Strength | I1: Motion | J1: Play Type | K1: Direction | L1: Gap | M1: Attempts | N1: Complete | O1: Pass Zone | P1: Yards | Q1: Direction G | R1: Direction1 | S1: Zone G | T1: Strength1 | U1: Boundry | V1: D&D | W1: Yard Line Zone
F2: =MOD(Table11[[#This Row],[Yard Line]],100)-MOD(E3,100) -> 0 | J2: Pass | K2: R | M2: 0 | N2: 0 | O2: S | P2: 0 | Q2: 2.5 | R2: Right | S2: 0.5 | W2: Goal Line
F3: =MOD(Table11[[#This Row],[Yard Line]],100)-MOD(E4,100) -> 0 | J3: Pass | K3: R | M3: 0 | N3: 0 | O3: M | P3: 0 | Q3: 2.5 | R3: Right | S3: 1.5 | W3: Goal Line
F4: =MOD(Table11[[#This Row],[Yard Line]],100)-MOD(E5,100) -> 0 | J4: Pass | K4: R | M4: 0 | N4: 0 | O4: D | P4: 0 | Q4: 2.5 | R4: Right | S4: 2.5 | W4: Goal Line
F5: =MOD(Table11[[#This Row],[Yard Line]],100)-MOD(E6,100) -> 0 | J5: Pass | K5: L | M5: 0 | N5: 0 | O5: S | P5: 0 | Q5: 0.5 | R5: Left | S5: 0.5 | W5: Goal Line
F6: =MOD(Table11[[#This Row],[Yard Line]],100)-MOD(E7,100) -> 0 | J6: Pass | K6: L | M6: 0 | N6: 0 | O6: M | P6: 0 | Q6: 0.5 | R6: Left | S6: 1.5 | W6: Goal Line
F7: =MOD(Table11[[#This Row],[Yard Line]],100)-MOD(E8,100) -> 0 | J7: Pass | K7: L | M7: 0 | N7: 0 | O7: D | P7: 0 | Q7: 0.5 | R7: Left | S7: 2.5 | W7: Goal Line
F8: =MOD(Table11[[#This Row],[Yard Line]],100)-MOD(E9,100) -> 0 | J8: Pass | K8: M | M8: 0 | N8: 0 | O8: S | P8: 0 | Q8: 1.5 | R8: Middle | S8: 0.5 | W8: Goal Line
F9: =MOD(Table11[[#This Row],[Yard Line]],100)-MOD(E10,100) -> 0 | J9: Pass | K9: M | M9: 0 | N9: 0 | O9: M | P9: 0 | Q9: 1.5 | R9: Middle | S9: 1.5 | W9: Goal Line
F10: =MOD(Table11[[#This Row],[Yard Line]],100)-MOD(E11,100) -> 0 | J10: Pass | K10: M | M10: 0 | N10: 0 | O10: S | P10: 0 | Q10: 1.5 | R10: Middle | S10: 0.5 | W10: Goal Line
F11: =MOD(Table11[[#This Row],[Yard Line]],100)-MOD(E12,100) -> 0 | J11: Run | K11: R | L11: A | M11: 0 | N11: 0 | P11: 0 | Q11: 2.5 | R11: Right | S11: 2.5 | W11: Goal Line
F12: =MOD(Table11[[#This Row],[Yard Line]],100)-MOD(E13,100) -> 0 | J12: Run | K12: R | L12: B | M12: 0 | N12: 0 | P12: 0 | Q12: 2.5 | R12: Right | S12: 2.5 | W12: Goal Line
F13: =MOD(Table11[[#This Row],[Yard Line]],100)-MOD(E14,100) -> 0 | J13: Run | K13: R | L13: C | M13: 0 | N13: 0 | P13: 0 | Q13: 2.5 | R13: Right | S13: 2.5 | W13: Goal Line
F14: =MOD(Table11[[#This Row],[Yard Line]],100)-MOD(E15,100) -> 0 | J14: Run | K14: L | L14: A | M14: 0 | N14: 0 | P14: 0 | Q14: 0.5 | R14: Left | S14: 2.5 | W14: Goal Line
F15: =MOD(Table11[[#This Row],[Yard Line]],100)-MOD(E16,100) -> 0 | J15: Run | K15: L | L15: B | M15: 0 | N15: 0 | P15: 0 | Q15: 0.5 | R15: Left | S15: 2.5 | W15: Goal Line
F16: =MOD(Table11[[#This Row],[Yard Line]],100)-MOD(E17,100) -> -65 | J16: Run | K16: L | L16: C | M16: 0 | N16: 0 | P16: 0 | Q16: 0.5 | R16: Left | S16: 2.5 | W16: Goal Line
A17: 3 | B17: 1 | C17: 1 | D17: 10 | E17: -35 | F17: -4 | G17: M | J17: Pass | K17: M | M17: 1 | N17: 0 | O17: S | P17: =Table11[[#This Row],[Gain/Loss]] -> -4 | Q17: =IF(Table11[[#This Row],[Direction]]="L",0.5,IF(Table11[[#This Row],[Direction]]="M",1.5,2.5)) -> 1.5 | R17: =IF(Table11[[#This Row],[Direction]]="R","Right",IF(Table11[[#This Row],[Direction]]="L","Left","Middle")) -> Middle | S17: =IF(Table11[[#This Row],[Pass Zone]]="S",0.5,IF(Table11[[#This Row],[Pass Zone]]="M",1.5,2.5)) -> 0.5 | T17: =IF(AND(Table11[[#This Row],[Direction]]="R",Table11[[#This Row],[Strength]]="R"),"Strong",IF(AND(Table11[[#This Row],[Direction]]="L",Table11[[#This Row],[Strength]]="L"),"Strong",IF(AND(Table11[[#This Row],[Direction]]="R",Table11[[#This Row],[Strength]]="L"),"Weak",IF(AND(Table11[[#This Row],[Direction]]="L",Table11[[#This Row],[Strength]]="R"),"Weak",IF(AND(Table11[[#This Row],[Strength]]="BAL",Table11[[#This Row],[Direction]]="M"),"BAL",""))))) | U17: =IF(AND(Table11[[#This Row],[Hash]]="R",Table11[[#This Row],[Direction]]="L"),"Field",IF(AND(Table11[[#This Row],[Hash]]="L",Table11[[#This Row],[Direction]]="R"),"Field",IF(AND(Table11[[#This Row],[Hash]]="R",Table11[[#This Row],[Direction]]="R"),"Boundry",IF(AND(Table11[[#This Row],[Hash]]="L",Table11[[#This Row],[Direction]]="L"),"Boundry","")))) | V17: =IF(AND(Table11[[#This Row],[Down]]=1,Table11[[#This Row],[Distance]]>9),"01: 1st & 10+",IF(AND(Table11[[#This Row],[Down]]=1,Table11[[#This Row],[Distance]]<10),"02: 1st & < 10",IF(AND(Table11[[#This Row],[Down]]=2,Table11[[#This Row],[Distance]]>7),"03: 2nd & 8+",IF(AND(Table11[[#This Row],[Down]]=2,Table11[[#This Row],[Distance]]>3,Table11[[#This Row],[Distance]]<8),"04: 2nd & 4 - 7",IF(AND(Table11[[#This Row],[Down]]=2,Table11[[#This Row],[Distance]]<4),"05: 2nd & < 4",IF(AND(Table11[[#This Row],[Down]]=3,Table11[[#This Row],[Distance]]>7),"06: 3rd & 8+",IF(AND(Table11[[#This Row],[Down]]=3,Table11[[#This Row],[Distance]]>3,Table11[[#This Row],[Distance]]<8),"07: 3rd & 4 - 7",IF(AND(Table11[[#This Row],[Down]]=3,Table11[[#This Row],[Distance]]<4),"08: 3rd & < 4",IF(AND(Table11[[#This Row],[Down]]=4,Table11[[#This Row],[Distance]]>1),"09: 4th & 2+",IF(AND(Table11[[#This Row],[Down]]=4,Table11[[#This Row],[Distance]]<2),"10: 4th & < 2"," ")))))))))) -> 01: 1st & 10+ | W17: =IF(AND(Table11[[#This Row],[Yard Line]]>-21,Table11[[#This Row],[Yard Line]]<-1),"0-20",IF(AND(Table11[[#This Row],[Yard Line]]>-50,Table11[[#This Row],[Yard Line]]<-20),"21-49",IF(AND(Table11[[#This Row],[Yard Line]]<51,Table11[[#This Row],[Yard Line]]>20),"50-21",IF(AND(Table11[[#This Row],[Yard Line]]<21,Table11[[#This Row],[Yard Line]]>2),"Red Zone",IF(Table11[[#This Row],[Yard Line]]<3,"Goal Line",""))))) -> 21-49
A18: 5 | B18: 2 | C18: 2 | D18: 9 | E18: -36 | F18: 0 | G18: M | J18: Pass | K18: M | M18: 1 | N18: 0 | O18: S | P18: =Table11[[#This Row],[Gain/Loss]] -> 0 | Q18: =IF(Table11[[#This Row],[Direction]]="L",0.5,IF(Table11[[#This Row],[Direction]]="M",1.5,2.5)) -> 1.5 | R18: =IF(Table11[[#This Row],[Direction]]="R","Right",IF(Table11[[#This Row],[Direction]]="L","Left","Middle")) -> Middle | S18: =IF(Table11[[#This Row],[Pass Zone]]="S",0.5,IF(Table11[[#This Row],[Pass Zone]]="M",1.5,2.5)) -> 0.5 | T18: =IF(AND(Table11[[#This Row],[Direction]]="R",Table11[[#This Row],[Strength]]="R"),"Strong",IF(AND(Table11[[#This Row],[Direction]]="L",Table11[[#This Row],[Strength]]="L"),"Strong",IF(AND(Table11[[#This Row],[Direction]]="R",Table11[[#This Row],[Strength]]="L"),"Weak",IF(AND(Table11[[#This Row],[Direction]]="L",Table11[[#This Row],[Strength]]="R"),"Weak",IF(AND(Table11[[#This Row],[Strength]]="BAL",Table11[[#This Row],[Direction]]="M"),"BAL",""))))) | U18: =IF(AND(Table11[[#This Row],[Hash]]="R",Table11[[#This Row],[Direction]]="L"),"Field",IF(AND(Table11[[#This Row],[Hash]]="L",Table11[[#This Row],[Direction]]="R"),"Field",IF(AND(Table11[[#This Row],[Hash]]="R",Table11[[#This Row],[Direction]]="R"),"Boundry",IF(AND(Table11[[#This Row],[Hash]]="L",Table11[[#This Row],[Direction]]="L"),"Boundry","")))) | V18: =IF(AND(Table11[[#This Row],[Down]]=1,Table11[[#This Row],[Distance]]>9),"01: 1st & 10+",IF(AND(Table11[[#This Row],[Down]]=1,Table11[[#This Row],[Distance]]<10),"02: 1st & < 10",IF(AND(Table11[[#This Row],[Down]]=2,Table11[[#This Row],[Distance]]>7),"03: 2nd & 8+",IF(AND(Table11[[#This Row],[Down]]=2,Table11[[#This Row],[Distance]]>3,Table11[[#This Row],[Distance]]<8),"04: 2nd & 4 - 7",IF(AND(Table11[[#This Row],[Down]]=2,Table11[[#This Row],[Distance]]<4),"05: 2nd & < 4",IF(AND(Table11[[#This Row],[Down]]=3,Table11[[#This Row],[Distance]]>7),"06: 3rd & 8+",IF(AND(Table11[[#This Row],[Down]]=3,Table11[[#This Row],[Distance]]>3,Table11[[#This Row],[Distance]]<8),"07: 3rd & 4 - 7",IF(AND(Table11[[#This Row],[Down]]=3,Table11[[#This Row],[Distance]]<4),"08: 3rd & < 4",IF(AND(Table11[[#This Row],[Down]]=4,Table11[[#This Row],[Distance]]>1),"09: 4th & 2+",IF(AND(Table11[[#This Row],[Down]]=4,Table11[[#This Row],[Distance]]<2),"10: 4th & < 2"," ")))))))))) -> 03: 2nd & 8+ | W18: =IF(AND(Table11[[#This Row],[Yard Line]]>-21,Table11[[#This Row],[Yard Line]]<-1),"0-20",IF(AND(Table11[[#This Row],[Yard Line]]>-50,Table11[[#This Row],[Yard Line]]<-20),"21-49",IF(AND(Table11[[#This Row],[Yard Line]]<51,Table11[[#This Row],[Yard Line]]>20),"50-21",IF(AND(Table11[[#This Row],[Yard Line]]<21,Table11[[#This Row],[Yard Line]]>2),"Red Zone",IF(Table11[[#This Row],[Yard Line]]<3,"Goal Line",""))))) -> 21-49
A19: 6 | B19: 3 | C19: 3 | D19: 9 | E19: -36 | F19: 13 | G19: M | J19: Run | K19: L | L19: C | M19: 1 | P19: =Table11[[#This Row],[Gain/Loss]] -> 13 | Q19: =IF(Table11[[#This Row],[Direction]]="L",0.5,IF(Table11[[#This Row],[Direction]]="M",1.5,2.5)) -> 0.5 | R19: =IF(Table11[[#This Row],[Direction]]="R","Right",IF(Table11[[#This Row],[Direction]]="L","Left","Middle")) -> Left | S19: =IF(Table11[[#This Row],[Pass Zone]]="S",0.5,IF(Table11[[#This Row],[Pass Zone]]="M",1.5,2.5)) -> 2.5 | T19: =IF(AND(Table11[[#This Row],[Direction]]="R",Table11[[#This Row],[Strength]]="R"),"Strong",IF(AND(Table11[[#This Row],[Direction]]="L",Table11[[#This Row],[Strength]]="L"),"Strong",IF(AND(Table11[[#This Row],[Direction]]="R",Table11[[#This Row],[Strength]]="L"),"Weak",IF(AND(Table11[[#This Row],[Direction]]="L",Table11[[#This Row],[Strength]]="R"),"Weak",IF(AND(Table11[[#This Row],[Strength]]="BAL",Table11[[#This Row],[Direction]]="M"),"BAL",""))))) | U19: =IF(AND(Table11[[#This Row],[Hash]]="R",Table11[[#This Row],[Direction]]="L"),"Field",IF(AND(Table11[[#This Row],[Hash]]="L",Table11[[#This Row],[Direction]]="R"),"Field",IF(AND(Table11[[#This Row],[Hash]]="R",Table11[[#This Row],[Direction]]="R"),"Boundry",IF(AND(Table11[[#This Row],[Hash]]="L",Table11[[#This Row],[Direction]]="L"),"Boundry","")))) | V19: =IF(AND(Table11[[#This Row],[Down]]=1,Table11[[#This Row],[Distance]]>9),"01: 1st & 10+",IF(AND(Table11[[#This Row],[Down]]=1,Table11[[#This Row],[Distance]]<10),"02: 1st & < 10",IF(AND(Table11[[#This Row],[Down]]=2,Table11[[#This Row],[Distance]]>7),"03: 2nd & 8+",IF(AND(Table11[[#This Row],[Down]]=2,Table11[[#This Row],[Distance]]>3,Table11[[#This Row],[Distance]]<8),"04: 2nd & 4 - 7",IF(AND(Table11[[#This Row],[Down]]=2,Table11[[#This Row],[Distance]]<4),"05: 2nd & < 4",IF(AND(Table11[[#This Row],[Down]]=3,Table11[[#This Row],[Distance]]>7),"06: 3rd & 8+",IF(AND(Table11[[#This Row],[Down]]=3,Table11[[#This Row],[Distance]]>3,Table11[[#This Row],[Distance]]<8),"07: 3rd & 4 - 7",IF(AND(Table11[[#This Row],[Down]]=3,Table11[[#This Row],[Distance]]<4),"08: 3rd & < 4",IF(AND(Table11[[#This Row],[Down]]=4,Table11[[#This Row],[Distance]]>1),"09: 4th & 2+",IF(AND(Table11[[#This Row],[Down]]=4,Table11[[#This Row],[Distance]]<2),"10: 4th & < 2"," ")))))))))) -> 06: 3rd & 8+ | W19: =IF(AND(Table11[[#This Row],[Yard Line]]>-21,Table11[[#This Row],[Yard Line]]<-1),"0-20",IF(AND(Table11[[#This Row],[Yard Line]]>-50,Table11[[#This Row],[Yard Line]]<-20),"21-49",IF(AND(Table11[[#This Row],[Yard Line]]<51,Table11[[#This Row],[Yard Line]]>20),"50-21",IF(AND(Table11[[#This Row],[Yard Line]]<21,Table11[[#This Row],[Yard Line]]>2),"Red Zone",IF(Table11[[#This Row],[Yard Line]]<3,"Goal Line",""))))) -> 21-49
A20: 8 | B20: 2 | C20: 2 | D20: 23 | E20: -36 | F20: 1 | G20: R | J20: Run | K20: L | L20: B | M20: 1 | P20: =Table11[[#This Row],[Gain/Loss]] -> 1 | Q20: =IF(Table11[[#This Row],[Direction]]="L",0.5,IF(Table11[[#This Row],[Direction]]="M",1.5,2.5)) -> 0.5 | R20: =IF(Table11[[#This Row],[Direction]]="R","Right",IF(Table11[[#This Row],[Direction]]="L","Left","Middle")) -> Left | S20: =IF(Table11[[#This Row],[Pass Zone]]="S",0.5,IF(Table11[[#This Row],[Pass Zone]]="M",1.5,2.5)) -> 2.5 | T20: =IF(AND(Table11[[#This Row],[Direction]]="R",Table11[[#This Row],[Strength]]="R"),"Strong",IF(AND(Table11[[#This Row],[Direction]]="L",Table11[[#This Row],[Strength]]="L"),"Strong",IF(AND(Table11[[#This Row],[Direction]]="R",Table11[[#This Row],[Strength]]="L"),"Weak",IF(AND(Table11[[#This Row],[Direction]]="L",Table11[[#This Row],[Strength]]="R"),"Weak",IF(AND(Table11[[#This Row],[Strength]]="BAL",Table11[[#This Row],[Direction]]="M"),"BAL",""))))) | U20: =IF(AND(Table11[[#This Row],[Hash]]="R",Table11[[#This Row],[Direction]]="L"),"Field",IF(AND(Table11[[#This Row],[Hash]]="L",Table11[[#This Row],[Direction]]="R"),"Field",IF(AND(Table11[[#This Row],[Hash]]="R",Table11[[#This Row],[Direction]]="R"),"Boundry",IF(AND(Table11[[#This Row],[Hash]]="L",Table11[[#This Row],[Direction]]="L"),"Boundry","")))) -> Field | V20: =IF(AND(Table11[[#This Row],[Down]]=1,Table11[[#This Row],[Distance]]>9),"01: 1st & 10+",IF(AND(Table11[[#This Row],[Down]]=1,Table11[[#This Row],[Distance]]<10),"02: 1st & < 10",IF(AND(Table11[[#This Row],[Down]]=2,Table11[[#This Row],[Distance]]>7),"03: 2nd & 8+",IF(AND(Table11[[#This Row],[Down]]=2,Table11[[#This Row],[Distance]]>3,Table11[[#This Row],[Distance]]<8),"04: 2nd & 4 - 7",IF(AND(Table11[[#This Row],[Down]]=2,Table11[[#This Row],[Distance]]<4),"05: 2nd & < 4",IF(AND(Table11[[#This Row],[Down]]=3,Table11[[#This Row],[Distance]]>7),"06: 3rd & 8+",IF(AND(Table11[[#This Row],[Down]]=3,Table11[[#This Row],[Distance]]>3,Table11[[#This Row],[Distance]]<8),"07: 3rd & 4 - 7",IF(AND(Table11[[#This Row],[Down]]=3,Table11[[#This Row],[Distance]]<4),"08: 3rd & < 4",IF(AND(Table11[[#This Row],[Down]]=4,Table11[[#This Row],[Distance]]>1),"09: 4th & 2+",IF(AND(Table11[[#This Row],[Down]]=4,Table11[[#This Row],[Distance]]<2),"10: 4th & < 2"," ")))))))))) -> 03: 2nd & 8+ | W20: =IF(AND(Table11[[#This Row],[Yard Line]]>-21,Table11[[#This Row],[Yard Line]]<-1),"0-20",IF(AND(Table11[[#This Row],[Yard Line]]>-50,Table11[[#This Row],[Yard Line]]<-20),"21-49",IF(AND(Table11[[#This Row],[Yard Line]]<51,Table11[[#This Row],[Yard Line]]>20),"50-21",IF(AND(Table11[[#This Row],[Yard Line]]<21,Table11[[#This Row],[Yard Line]]>2),"Red Zone",IF(Table11[[#This Row],[Yard Line]]<3,"Goal Line",""))))) -> 21-49
A21: 9 | B21: 3 | C21: 3 | D21: 22 | E21: -37 | F21: 0 | G21: L | J21: Run | K21: R | L21: B | M21: 1 | P21: =Table11[[#This Row],[Gain/Loss]] -> 0 | Q21: =IF(Table11[[#This Row],[Direction]]="L",0.5,IF(Table11[[#This Row],[Direction]]="M",1.5,2.5)) -> 2.5 | R21: =IF(Table11[[#This Row],[Direction]]="R","Right",IF(Table11[[#This Row],[Direction]]="L","Left","Middle")) -> Right | S21: =IF(Table11[[#This Row],[Pass Zone]]="S",0.5,IF(Table11[[#This Row],[Pass Zone]]="M",1.5,2.5)) -> 2.5 | T21: =IF(AND(Table11[[#This Row],[Direction]]="R",Table11[[#This Row],[Strength]]="R"),"Strong",IF(AND(Table11[[#This Row],[Direction]]="L",Table11[[#This Row],[Strength]]="L"),"Strong",IF(AND(Table11[[#This Row],[Direction]]="R",Table11[[#This Row],[Strength]]="L"),"Weak",IF(AND(Table11[[#This Row],[Direction]]="L",Table11[[#This Row],[Strength]]="R"),"Weak",IF(AND(Table11[[#This Row],[Strength]]="BAL",Table11[[#This Row],[Direction]]="M"),"BAL",""))))) | U21: =IF(AND(Table11[[#This Row],[Hash]]="R",Table11[[#This Row],[Direction]]="L"),"Field",IF(AND(Table11[[#This Row],[Hash]]="L",Table11[[#This Row],[Direction]]="R"),"Field",IF(AND(Table11[[#This Row],[Hash]]="R",Table11[[#This Row],[Direction]]="R"),"Boundry",IF(AND(Table11[[#This Row],[Hash]]="L",Table11[[#This Row],[Direction]]="L"),"Boundry","")))) -> Field | V21: =IF(AND(Table11[[#This Row],[Down]]=1,Table11[[#This Row],[Distance]]>9),"01: 1st & 10+",IF(AND(Table11[[#This Row],[Down]]=1,Table11[[#This Row],[Distance]]<10),"02: 1st & < 10",IF(AND(Table11[[#This Row],[Down]]=2,Table11[[#This Row],[Distance]]>7),"03: 2nd & 8+",IF(AND(Table11[[#This Row],[Down]]=2,Table11[[#This Row],[Distance]]>3,Table11[[#This Row],[Distance]]<8),"04: 2nd & 4 - 7",IF(AND(Table11[[#This Row],[Down]]=2,Table11[[#This Row],[Distance]]<4),"05: 2nd & < 4",IF(AND(Table11[[#This Row],[Down]]=3,Table11[[#This Row],[Distance]]>7),"06: 3rd & 8+",IF(AND(Table11[[#This Row],[Down]]=3,Table11[[#This Row],[Distance]]>3,Table11[[#This Row],[Distance]]<8),"07: 3rd & 4 - 7",IF(AND(Table11[[#This Row],[Down]]=3,Table11[[#This Row],[Distance]]<4),"08: 3rd & < 4",IF(AND(Table11[[#This Row],[Down]]=4,Table11[[#This Row],[Distance]]>1),"09: 4th & 2+",IF(AND(Table11[[#This Row],[Down]]=4,Table11[[#This Row],[Distance]]<2),"10: 4th & < 2"," ")))))))))) -> 06: 3rd & 8+ | W21: =IF(AND(Table11[[#This Row],[Yard Line]]>-21,Table11[[#This Row],[Yard Line]]<-1),"0-20",IF(AND(Table11[[#This Row],[Yard Line]]>-50,Table11[[#This Row],[Yard Line]]<-20),"21-49",IF(AND(Table11[[#This Row],[Yard Line]]<51,Table11[[#This Row],[Yard Line]]>20),"50-21",IF(AND(Table11[[#This Row],[Yard Line]]<21,Table11[[#This Row],[Yard Line]]>2),"Red Zone",IF(Table11[[#This Row],[Yard Line]]<3,"Goal Line",""))))) -> 21-49
A22: 18 | B22: 1 | C22: 1 | D22: 10 | E22: 36 | F22: 5 | G22: R | J22: Run | K22: R | L22: B | M22: 1 | P22: =Table11[[#This Row],[Gain/Loss]] -> 5 | Q22: =IF(Table11[[#This Row],[Direction]]="L",0.5,IF(Table11[[#This Row],[Direction]]="M",1.5,2.5)) -> 2.5 | R22: =IF(Table11[[#This Row],[Direction]]="R","Right",IF(Table11[[#This Row],[Direction]]="L","Left","Middle")) -> Right | S22: =IF(Table11[[#This Row],[Pass Zone]]="S",0.5,IF(Table11[[#This Row],[Pass Zone]]="M",1.5,2.5)) -> 2.5 | T22: =IF(AND(Table11[[#This Row],[Direction]]="R",Table11[[#This Row],[Strength]]="R"),"Strong",IF(AND(Table11[[#This Row],[Direction]]="L",Table11[[#This Row],[Strength]]="L"),"Strong",IF(AND(Table11[[#This Row],[Direction]]="R",Table11[[#This Row],[Strength]]="L"),"Weak",IF(AND(Table11[[#This Row],[Direction]]="L",Table11[[#This Row],[Strength]]="R"),"Weak",IF(AND(Table11[[#This Row],[Strength]]="BAL",Table11[[#This Row],[Direction]]="M"),"BAL",""))))) | U22: =IF(AND(Table11[[#This Row],[Hash]]="R",Table11[[#This Row],[Direction]]="L"),"Field",IF(AND(Table11[[#This Row],[Hash]]="L",Table11[[#This Row],[Direction]]="R"),"Field",IF(AND(Table11[[#This Row],[Hash]]="R",Table11[[#This Row],[Direction]]="R"),"Boundry",IF(AND(Table11[[#This Row],[Hash]]="L",Table11[[#This Row],[Direction]]="L"),"Boundry","")))) -> Boundry | V22: =IF(AND(Table11[[#This Row],[Down]]=1,Table11[[#This Row],[Distance]]>9),"01: 1st & 10+",IF(AND(Table11[[#This Row],[Down]]=1,Table11[[#This Row],[Distance]]<10),"02: 1st & < 10",IF(AND(Table11[[#This Row],[Down]]=2,Table11[[#This Row],[Distance]]>7),"03: 2nd & 8+",IF(AND(Table11[[#This Row],[Down]]=2,Table11[[#This Row],[Distance]]>3,Table11[[#This Row],[Distance]]<8),"04: 2nd & 4 - 7",IF(AND(Table11[[#This Row],[Down]]=2,Table11[[#This Row],[Distance]]<4),"05: 2nd & < 4",IF(AND(Table11[[#This Row],[Down]]=3,Table11[[#This Row],[Distance]]>7),"06: 3rd & 8+",IF(AND(Table11[[#This Row],[Down]]=3,Table11[[#This Row],[Distance]]>3,Table11[[#This Row],[Distance]]<8),"07: 3rd & 4 - 7",IF(AND(Table11[[#This Row],[Down]]=3,Table11[[#This Row],[Distance]]<4),"08: 3rd & < 4",IF(AND(Table11[[#This Row],[Down]]=4,Table11[[#This Row],[Distance]]>1),"09: 4th & 2+",IF(AND(Table11[[#This Row],[Down]]=4,Table11[[#This Row],[Distance]]<2),"10: 4th & < 2"," ")))))))))) -> 01: 1st & 10+ | W22: =IF(AND(Table11[[#This Row],[Yard Line]]>-21,Table11[[#This Row],[Yard Line]]<-1),"0-20",IF(AND(Table11[[#This Row],[Yard Line]]>-50,Table11[[#This Row],[Yard Line]]<-20),"21-49",IF(AND(Table11[[#This Row],[Yard Line]]<51,Table11[[#This Row],[Yard Line]]>20),"50-21",IF(AND(Table11[[#This Row],[Yard Line]]<21,Table11[[#This Row],[Yard Line]]>2),"Red Zone",IF(Table11[[#This Row],[Yard Line]]<3,"Goal Line",""))))) -> 50-21
A23: 19 | B23: 2 | C23: 2 | D23: 5 | E23: 31 | F23: 2 | G23: R | J23: Run | K23: L | L23: B | M23: 1 | P23: =Table11[[#This Row],[Gain/Loss]] -> 2 | Q23: =IF(Table11[[#This Row],[Direction]]="L",0.5,IF(Table11[[#This Row],[Direction]]="M",1.5,2.5)) -> 0.5 | R23: =IF(Table11[[#This Row],[Direction]]="R","Right",IF(Table11[[#This Row],[Direction]]="L","Left","Middle")) -> Left | S23: =IF(Table11[[#This Row],[Pass Zone]]="S",0.5,IF(Table11[[#This Row],[Pass Zone]]="M",1.5,2.5)) -> 2.5 | T23: =IF(AND(Table11[[#This Row],[Direction]]="R",Table11[[#This Row],[Strength]]="R"),"Strong",IF(AND(Table11[[#This Row],[Direction]]="L",Table11[[#This Row],[Strength]]="L"),"Strong",IF(AND(Table11[[#This Row],[Direction]]="R",Table11[[#This Row],[Strength]]="L"),"Weak",IF(AND(Table11[[#This Row],[Direction]]="L",Table11[[#This Row],[Strength]]="R"),"Weak",IF(AND(Table11[[#This Row],[Strength]]="BAL",Table11[[#This Row],[Direction]]="M"),"BAL",""))))) | U23: =IF(AND(Table11[[#This Row],[Hash]]="R",Table11[[#This Row],[Direction]]="L"),"Field",IF(AND(Table11[[#This Row],[Hash]]="L",Table11[[#This Row],[Direction]]="R"),"Field",IF(AND(Table11[[#This Row],[Hash]]="R",Table11[[#This Row],[Direction]]="R"),"Boundry",IF(AND(Table11[[#This Row],[Hash]]="L",Table11[[#This Row],[Direction]]="L"),"Boundry","")))) -> Field | V23: =IF(AND(Table11[[#This Row],[Down]]=1,Table11[[#This Row],[Distance]]>9),"01: 1st & 10+",IF(AND(Table11[[#This Row],[Down]]=1,Table11[[#This Row],[Distance]]<10),"02: 1st & < 10",IF(AND(Table11[[#This Row],[Down]]=2,Table11[[#This Row],[Distance]]>7),"03: 2nd & 8+",IF(AND(Table11[[#This Row],[Down]]=2,Table11[[#This Row],[Distance]]>3,Table11[[#This Row],[Distance]]<8),"04: 2nd & 4 - 7",IF(AND(Table11[[#This Row],[Down]]=2,Table11[[#This Row],[Distance]]<4),"05: 2nd & < 4",IF(AND(Table11[[#This Row],[Down]]=3,Table11[[#This Row],[Distance]]>7),"06: 3rd & 8+",IF(AND(Table11[[#This Row],[Down]]=3,Table11[[#This Row],[Distance]]>3,Table11[[#This Row],[Distance]]<8),"07: 3rd & 4 - 7",IF(AND(Table11[[#This Row],[Down]]=3,Table11[[#This Row],[Distance]]<4),"08: 3rd & < 4",IF(AND(Table11[[#This Row],[Down]]=4,Table11[[#This Row],[Distance]]>1),"09: 4th & 2+",IF(AND(Table11[[#This Row],[Down]]=4,Table11[[#This Row],[Distance]]<2),"10: 4th & < 2"," ")))))))))) -> 04: 2nd & 4 - 7 | W23: =IF(AND(Table11[[#This Row],[Yard Line]]>-21,Table11[[#This Row],[Yard Line]]<-1),"0-20",IF(AND(Table11[[#This Row],[Yard Line]]>-50,Table11[[#This Row],[Yard Line]]<-20),"21-49",IF(AND(Table11[[#This Row],[Yard Line]]<51,Table11[[#This Row],[Yard Line]]>20),"50-21",IF(AND(Table11[[#This Row],[Yard Line]]<21,Table11[[#This Row],[Yard Line]]>2),"Red Zone",IF(Table11[[#This Row],[Yard Line]]<3,"Goal Line",""))))) -> 50-21
A24: 20 | B24: 3 | C24: 3 | D24: 3 | E24: 29 | F24: 0 | G24: M | J24: Run | K24: R | L24: B | M24: 1 | P24: =Table11[[#This Row],[Gain/Loss]] -> 0 | Q24: =IF(Table11[[#This Row],[Direction]]="L",0.5,IF(Table11[[#This Row],[Direction]]="M",1.5,2.5)) -> 2.5 | R24: =IF(Table11[[#This Row],[Direction]]="R","Right",IF(Table11[[#This Row],[Direction]]="L","Left","Middle")) -> Right | S24: =IF(Table11[[#This Row],[Pass Zone]]="S",0.5,IF(Table11[[#This Row],[Pass Zone]]="M",1.5,2.5)) -> 2.5 | T24: =IF(AND(Table11[[#This Row],[Direction]]="R",Table11[[#This Row],[Strength]]="R"),"Strong",IF(AND(Table11[[#This Row],[Direction]]="L",Table11[[#This Row],[Strength]]="L"),"Strong",IF(AND(Table11[[#This Row],[Direction]]="R",Table11[[#This Row],[Strength]]="L"),"Weak",IF(AND(Table11[[#This Row],[Direction]]="L",Table11[[#This Row],[Strength]]="R"),"Weak",IF(AND(Table11[[#This Row],[Strength]]="BAL",Table11[[#This Row],[Direction]]="M"),"BAL",""))))) | U24: =IF(AND(Table11[[#This Row],[Hash]]="R",Table11[[#This Row],[Direction]]="L"),"Field",IF(AND(Table11[[#This Row],[Hash]]="L",Table11[[#This Row],[Direction]]="R"),"Field",IF(AND(Table11[[#This Row],[Hash]]="R",Table11[[#This Row],[Direction]]="R"),"Boundry",IF(AND(Table11[[#This Row],[Hash]]="L",Table11[[#This Row],[Direction]]="L"),"Boundry","")))) | V24: =IF(AND(Table11[[#This Row],[Down]]=1,Table11[[#This Row],[Distance]]>9),"01: 1st & 10+",IF(AND(Table11[[#This Row],[Down]]=1,Table11[[#This Row],[Distance]]<10),"02: 1st & < 10",IF(AND(Table11[[#This Row],[Down]]=2,Table11[[#This Row],[Distance]]>7),"03: 2nd & 8+",IF(AND(Table11[[#This Row],[Down]]=2,Table11[[#This Row],[Distance]]>3,Table11[[#This Row],[Distance]]<8),"04: 2nd & 4 - 7",IF(AND(Table11[[#This Row],[Down]]=2,Table11[[#This Row],[Distance]]<4),"05: 2nd & < 4",IF(AND(Table11[[#This Row],[Down]]=3,Table11[[#This Row],[Distance]]>7),"06: 3rd & 8+",IF(AND(Table11[[#This Row],[Down]]=3,Table11[[#This Row],[Distance]]>3,Table11[[#This Row],[Distance]]<8),"07: 3rd & 4 - 7",IF(AND(Table11[[#This Row],[Down]]=3,Table11[[#This Row],[Distance]]<4),"08: 3rd & < 4",IF(AND(Table11[[#This Row],[Down]]=4,Table11[[#This Row],[Distance]]>1),"09: 4th & 2+",IF(AND(Table11[[#This Row],[Down]]=4,Table11[[#This Row],[Distance]]<2),"10: 4th & < 2"," ")))))))))) -> 08: 3rd & < 4 | W24: =IF(AND(Table11[[#This Row],[Yard Line]]>-21,Table11[[#This Row],[Yard Line]]<-1),"0-20",IF(AND(Table11[[#This Row],[Yard Line]]>-50,Table11[[#This Row],[Yard Line]]<-20),"21-49",IF(AND(Table11[[#This Row],[Yard Line]]<51,Table11[[#This Row],[Yard Line]]>20),"50-21",IF(AND(Table11[[#This Row],[Yard Line]]<21,Table11[[#This Row],[Yard Line]]>2),"Red Zone",IF(Table11[[#This Row],[Yard Line]]<3,"Goal Line",""))))) -> 50-21
A25: 28 | B25: 1 | C25: 1 | D25: 10 | E25: -5 | F25: 0 | G25: M | J25: Pass | K25: L | M25: 1 | N25: 0 | P25: =Table11[[#This Row],[Gain/Loss]] -> 0 | Q25: =IF(Table11[[#This Row],[Direction]]="L",0.5,IF(Table11[[#This Row],[Direction]]="M",1.5,2.5)) -> 0.5 | R25: =IF(Table11[[#This Row],[Direction]]="R","Right",IF(Table11[[#This Row],[Direction]]="L","Left","Middle")) -> Left | S25: =IF(Table11[[#This Row],[Pass Zone]]="S",0.5,IF(Table11[[#This Row],[Pass Zone]]="M",1.5,2.5)) -> 2.5 | T25: =IF(AND(Table11[[#This Row],[Direction]]="R",Table11[[#This Row],[Strength]]="R"),"Strong",IF(AND(Table11[[#This Row],[Direction]]="L",Table11[[#This Row],[Strength]]="L"),"Strong",IF(AND(Table11[[#This Row],[Direction]]="R",Table11[[#This Row],[Strength]]="L"),"Weak",IF(AND(Table11[[#This Row],[Direction]]="L",Table11[[#This Row],[Strength]]="R"),"Weak",IF(AND(Table11[[#This Row],[Strength]]="BAL",Table11[[#This Row],[Direction]]="M"),"BAL",""))))) | U25: =IF(AND(Table11[[#This Row],[Hash]]="R",Table11[[#This Row],[Direction]]="L"),"Field",IF(AND(Table11[[#This Row],[Hash]]="L",Table11[[#This Row],[Direction]]="R"),"Field",IF(AND(Table11[[#This Row],[Hash]]="R",Table11[[#This Row],[Direction]]="R"),"Boundry",IF(AND(Table11[[#This Row],[Hash]]="L",Table11[[#This Row],[Direction]]="L"),"Boundry","")))) | V25: =IF(AND(Table11[[#This Row],[Down]]=1,Table11[[#This Row],[Distance]]>9),"01: 1st & 10+",IF(AND(Table11[[#This Row],[Down]]=1,Table11[[#This Row],[Distance]]<10),"02: 1st & < 10",IF(AND(Table11[[#This Row],[Down]]=2,Table11[[#This Row],[Distance]]>7),"03: 2nd & 8+",IF(AND(Table11[[#This Row],[Down]]=2,Table11[[#This Row],[Distance]]>3,Table11[[#This Row],[Distance]]<8),"04: 2nd & 4 - 7",IF(AND(Table11[[#This Row],[Down]]=2,Table11[[#This Row],[Distance]]<4),"05: 2nd & < 4",IF(AND(Table11[[#This Row],[Down]]=3,Table11[[#This Row],[Distance]]>7),"06: 3rd & 8+",IF(AND(Table11[[#This Row],[Down]]=3,Table11[[#This Row],[Distance]]>3,Table11[[#This Row],[Distance]]<8),"07: 3rd & 4 - 7",IF(AND(Table11[[#This Row],[Down]]=3,Table11[[#This Row],[Distance]]<4),"08: 3rd & < 4",IF(AND(Table11[[#This Row],[Down]]=4,Table11[[#This Row],[Distance]]>1),"09: 4th & 2+",IF(AND(Table11[[#This Row],[Down]]=4,Table11[[#This Row],[Distance]]<2),"10: 4th & < 2"," ")))))))))) -> 01: 1st & 10+ | W25: =IF(AND(Table11[[#This Row],[Yard Line]]>-21,Table11[[#This Row],[Yard Line]]<-1),"0-20",IF(AND(Table11[[#This Row],[Yard Line]]>-50,Table11[[#This Row],[Yard Line]]<-20),"21-49",IF(AND(Table11[[#This Row],[Yard Line]]<51,Table11[[#This Row],[Yard Line]]>20),"50-21",IF(AND(Table11[[#This Row],[Yard Line]]<21,Table11[[#This Row],[Yard Line]]>2),"Red Zone",IF(Table11[[#This Row],[Yard Line]]<3,"Goal Line",""))))) -> 0-20
A26: 29 | B26: 2 | C26: 2 | D26: 10 | E26: -5 | F26: 1 | G26: M | J26: Run | K26: L | L26: B | M26: 1 | P26: =Table11[[#This Row],[Gain/Loss]] -> 1 | Q26: =IF(Table11[[#This Row],[Direction]]="L",0.5,IF(Table11[[#This Row],[Direction]]="M",1.5,2.5)) -> 0.5 | R26: =IF(Table11[[#This Row],[Direction]]="R","Right",IF(Table11[[#This Row],[Direction]]="L","Left","Middle")) -> Left | S26: =IF(Table11[[#This Row],[Pass Zone]]="S",0.5,IF(Table11[[#This Row],[Pass Zone]]="M",1.5,2.5)) -> 2.5 | T26: =IF(AND(Table11[[#This Row],[Direction]]="R",Table11[[#This Row],[Strength]]="R"),"Strong",IF(AND(Table11[[#This Row],[Direction]]="L",Table11[[#This Row],[Strength]]="L"),"Strong",IF(AND(Table11[[#This Row],[Direction]]="R",Table11[[#This Row],[Strength]]="L"),"Weak",IF(AND(Table11[[#This Row],[Direction]]="L",Table11[[#This Row],[Strength]]="R"),"Weak",IF(AND(Table11[[#This Row],[Strength]]="BAL",Table11[[#This Row],[Direction]]="M"),"BAL",""))))) | U26: =IF(AND(Table11[[#This Row],[Hash]]="R",Table11[[#This Row],[Direction]]="L"),"Field",IF(AND(Table11[[#This Row],[Hash]]="L",Table11[[#This Row],[Direction]]="R"),"Field",IF(AND(Table11[[#This Row],[Hash]]="R",Table11[[#This Row],[Direction]]="R"),"Boundry",IF(AND(Table11[[#This Row],[Hash]]="L",Table11[[#This Row],[Direction]]="L"),"Boundry","")))) | V26: =IF(AND(Table11[[#This Row],[Down]]=1,Table11[[#This Row],[Distance]]>9),"01: 1st & 10+",IF(AND(Table11[[#This Row],[Down]]=1,Table11[[#This Row],[Distance]]<10),"02: 1st & < 10",IF(AND(Table11[[#This Row],[Down]]=2,Table11[[#This Row],[Distance]]>7),"03: 2nd & 8+",IF(AND(Table11[[#This Row],[Down]]=2,Table11[[#This Row],[Distance]]>3,Table11[[#This Row],[Distance]]<8),"04: 2nd & 4 - 7",IF(AND(Table11[[#This Row],[Down]]=2,Table11[[#This Row],[Distance]]<4),"05: 2nd & < 4",IF(AND(Table11[[#This Row],[Down]]=3,Table11[[#This Row],[Distance]]>7),"06: 3rd & 8+",IF(AND(Table11[[#This Row],[Down]]=3,Table11[[#This Row],[Distance]]>3,Table11[[#This Row],[Distance]]<8),"07: 3rd & 4 - 7",IF(AND(Table11[[#This Row],[Down]]=3,Table11[[#This Row],[Distance]]<4),"08: 3rd & < 4",IF(AND(Table11[[#This Row],[Down]]=4,Table11[[#This Row],[Distance]]>1),"09: 4th & 2+",IF(AND(Table11[[#This Row],[Down]]=4,Table11[[#This Row],[Distance]]<2),"10: 4th & < 2"," ")))))))))) -> 03: 2nd & 8+ | W26: =IF(AND(Table11[[#This Row],[Yard Line]]>-21,Table11[[#This Row],[Yard Line]]<-1),"0-20",IF(AND(Table11[[#This Row],[Yard Line]]>-50,Table11[[#This Row],[Yard Line]]<-20),"21-49",IF(AND(Table11[[#This Row],[Yard Line]]<51,Table11[[#This Row],[Yard Line]]>20),"50-21",IF(AND(Table11[[#This Row],[Yard Line]]<21,Table11[[#This Row],[Yard Line]]>2),"Red Zone",IF(Table11[[#This Row],[Yard Line]]<3,"Goal Line",""))))) -> 0-20
A27: 30 | B27: 3 | C27: 3 | D27: 9 | E27: -6 | F27: 0 | G27: L | J27: Run | K27: R | L27: B | M27: 1 | P27: =Table11[[#This Row],[Gain/Loss]] -> 0 | Q27: =IF(Table11[[#This Row],[Direction]]="L",0.5,IF(Table11[[#This Row],[Direction]]="M",1.5,2.5)) -> 2.5 | R27: =IF(Table11[[#This Row],[Direction]]="R","Right",IF(Table11[[#This Row],[Direction]]="L","Left","Middle")) -> Right | S27: =IF(Table11[[#This Row],[Pass Zone]]="S",0.5,IF(Table11[[#This Row],[Pass Zone]]="M",1.5,2.5)) -> 2.5 | T27: =IF(AND(Table11[[#This Row],[Direction]]="R",Table11[[#This Row],[Strength]]="R"),"Strong",IF(AND(Table11[[#This Row],[Direction]]="L",Table11[[#This Row],[Strength]]="L"),"Strong",IF(AND(Table11[[#This Row],[Direction]]="R",Table11[[#This Row],[Strength]]="L"),"Weak",IF(AND(Table11[[#This Row],[Direction]]="L",Table11[[#This Row],[Strength]]="R"),"Weak",IF(AND(Table11[[#This Row],[Strength]]="BAL",Table11[[#This Row],[Direction]]="M"),"BAL",""))))) | U27: =IF(AND(Table11[[#This Row],[Hash]]="R",Table11[[#This Row],[Direction]]="L"),"Field",IF(AND(Table11[[#This Row],[Hash]]="L",Table11[[#This Row],[Direction]]="R"),"Field",IF(AND(Table11[[#This Row],[Hash]]="R",Table11[[#This Row],[Direction]]="R"),"Boundry",IF(AND(Table11[[#This Row],[Hash]]="L",Table11[[#This Row],[Direction]]="L"),"Boundry","")))) -> Field | V27: =IF(AND(Table11[[#This Row],[Down]]=1,Table11[[#This Row],[Distance]]>9),"01: 1st & 10+",IF(AND(Table11[[#This Row],[Down]]=1,Table11[[#This Row],[Distance]]<10),"02: 1st & < 10",IF(AND(Table11[[#This Row],[Down]]=2,Table11[[#This Row],[Distance]]>7),"03: 2nd & 8+",IF(AND(Table11[[#This Row],[Down]]=2,Table11[[#This Row],[Distance]]>3,Table11[[#This Row],[Distance]]<8),"04: 2nd & 4 - 7",IF(AND(Table11[[#This Row],[Down]]=2,Table11[[#This Row],[Distance]]<4),"05: 2nd & < 4",IF(AND(Table11[[#This Row],[Down]]=3,Table11[[#This Row],[Distance]]>7),"06: 3rd & 8+",IF(AND(Table11[[#This Row],[Down]]=3,Table11[[#This Row],[Distance]]>3,Table11[[#This Row],[Distance]]<8),"07: 3rd & 4 - 7",IF(AND(Table11[[#This Row],[Down]]=3,Table11[[#This Row],[Distance]]<4),"08: 3rd & < 4",IF(AND(Table11[[#This Row],[Down]]=4,Table11[[#This Row],[Distance]]>1),"09: 4th & 2+",IF(AND(Table11[[#This Row],[Down]]=4,Table11[[#This Row],[Distance]]<2),"10: 4th & < 2"," ")))))))))) -> 06: 3rd & 8+ | W27: =IF(AND(Table11[[#This Row],[Yard Line]]>-21,Table11[[#This Row],[Yard Line]]<-1),"0-20",IF(AND(Table11[[#This Row],[Yard Line]]>-50,Table11[[#This Row],[Yard Line]]<-20),"21-49",IF(AND(Table11[[#This Row],[Yard Line]]<51,Table11[[#This Row],[Yard Line]]>20),"50-21",IF(AND(Table11[[#This Row],[Yard Line]]<21,Table11[[#This Row],[Yard Line]]>2),"Red Zone",IF(Table11[[#This Row],[Yard Line]]<3,"Goal Line",""))))) -> 0-20
A28: 38 | B28: 1 | C28: 1 | D28: 10 | E28: -48 | F28: 3 | G28: M | J28: Run | K28: R | L28: B | M28: 1 | P28: =Table11[[#This Row],[Gain/Loss]] -> 3 | Q28: =IF(Table11[[#This Row],[Direction]]="L",0.5,IF(Table11[[#This Row],[Direction]]="M",1.5,2.5)) -> 2.5 | R28: =IF(Table11[[#This Row],[Direction]]="R","Right",IF(Table11[[#This Row],[Direction]]="L","Left","Middle")) -> Right | S28: =IF(Table11[[#This Row],[Pass Zone]]="S",0.5,IF(Table11[[#This Row],[Pass Zone]]="M",1.5,2.5)) -> 2.5 | T28: =IF(AND(Table11[[#This Row],[Direction]]="R",Table11[[#This Row],[Strength]]="R"),"Strong",IF(AND(Table11[[#This Row],[Direction]]="L",Table11[[#This Row],[Strength]]="L"),"Strong",IF(AND(Table11[[#This Row],[Direction]]="R",Table11[[#This Row],[Strength]]="L"),"Weak",IF(AND(Table11[[#This Row],[Direction]]="L",Table11[[#This Row],[Strength]]="R"),"Weak",IF(AND(Table11[[#This Row],[Strength]]="BAL",Table11[[#This Row],[Direction]]="M"),"BAL",""))))) | U28: =IF(AND(Table11[[#This Row],[Hash]]="R",Table11[[#This Row],[Direction]]="L"),"Field",IF(AND(Table11[[#This Row],[Hash]]="L",Table11[[#This Row],[Direction]]="R"),"Field",IF(AND(Table11[[#This Row],[Hash]]="R",Table11[[#This Row],[Direction]]="R"),"Boundry",IF(AND(Table11[[#This Row],[Hash]]="L",Table11[[#This Row],[Direction]]="L"),"Boundry","")))) | V28: =IF(AND(Table11[[#This Row],[Down]]=1,Table11[[#This Row],[Distance]]>9),"01: 1st & 10+",IF(AND(Table11[[#This Row],[Down]]=1,Table11[[#This Row],[Distance]]<10),"02: 1st & < 10",IF(AND(Table11[[#This Row],[Down]]=2,Table11[[#This Row],[Distance]]>7),"03: 2nd & 8+",IF(AND(Table11[[#This Row],[Down]]=2,Table11[[#This Row],[Distance]]>3,Table11[[#This Row],[Distance]]<8),"04: 2nd & 4 - 7",IF(AND(Table11[[#This Row],[Down]]=2,Table11[[#This Row],[Distance]]<4),"05: 2nd & < 4",IF(AND(Table11[[#This Row],[Down]]=3,Table11[[#This Row],[Distance]]>7),"06: 3rd & 8+",IF(AND(Table11[[#This Row],[Down]]=3,Table11[[#This Row],[Distance]]>3,Table11[[#This Row],[Distance]]<8),"07: 3rd & 4 - 7",IF(AND(Table11[[#This Row],[Down]]=3,Table11[[#This Row],[Distance]]<4),"08: 3rd & < 4",IF(AND(Table11[[#This Row],[Down]]=4,Table11[[#This Row],[Distance]]>1),"09: 4th & 2+",IF(AND(Table11[[#This Row],[Down]]=4,Table11[[#This Row],[Distance]]<2),"10: 4th & < 2"," ")))))))))) -> 01: 1st & 10+ | W28: =IF(AND(Table11[[#This Row],[Yard Line]]>-21,Table11[[#This Row],[Yard Line]]<-1),"0-20",IF(AND(Table11[[#This Row],[Yard Line]]>-50,Table11[[#This Row],[Yard Line]]<-20),"21-49",IF(AND(Table11[[#This Row],[Yard Line]]<51,Table11[[#This Row],[Yard Line]]>20),"50-21",IF(AND(Table11[[#This Row],[Yard Line]]<21,Table11[[#This Row],[Yard Line]]>2),"Red Zone",IF(Table11[[#This Row],[Yard Line]]<3,"Goal Line",""))))) -> 21-49
A29: 44 | B29: 1 | C29: 1 | D29: 10 | E29: 10 | F29: 0 | G29: L | J29: Run | K29: R | L29: B | M29: 1 | P29: =Table11[[#This Row],[Gain/Loss]] -> 0 | Q29: =IF(Table11[[#This Row],[Direction]]="L",0.5,IF(Table11[[#This Row],[Direction]]="M",1.5,2.5)) -> 2.5 | R29: =IF(Table11[[#This Row],[Direction]]="R","Right",IF(Table11[[#This Row],[Direction]]="L","Left","Middle")) -> Right | S29: =IF(Table11[[#This Row],[Pass Zone]]="S",0.5,IF(Table11[[#This Row],[Pass Zone]]="M",1.5,2.5)) -> 2.5 | T29: =IF(AND(Table11[[#This Row],[Direction]]="R",Table11[[#This Row],[Strength]]="R"),"Strong",IF(AND(Table11[[#This Row],[Direction]]="L",Table11[[#This Row],[Strength]]="L"),"Strong",IF(AND(Table11[[#This Row],[Direction]]="R",Table11[[#This Row],[Strength]]="L"),"Weak",IF(AND(Table11[[#This Row],[Direction]]="L",Table11[[#This Row],[Strength]]="R"),"Weak",IF(AND(Table11[[#This Row],[Strength]]="BAL",Table11[[#This Row],[Direction]]="M"),"BAL",""))))) | U29: =IF(AND(Table11[[#This Row],[Hash]]="R",Table11[[#This Row],[Direction]]="L"),"Field",IF(AND(Table11[[#This Row],[Hash]]="L",Table11[[#This Row],[Direction]]="R"),"Field",IF(AND(Table11[[#This Row],[Hash]]="R",Table11[[#This Row],[Direction]]="R"),"Boundry",IF(AND(Table11[[#This Row],[Hash]]="L",Table11[[#This Row],[Direction]]="L"),"Boundry","")))) -> Field | V29: =IF(AND(Table11[[#This Row],[Down]]=1,Table11[[#This Row],[Distance]]>9),"01: 1st & 10+",IF(AND(Table11[[#This Row],[Down]]=1,Table11[[#This Row],[Distance]]<10),"02: 1st & < 10",IF(AND(Table11[[#This Row],[Down]]=2,Table11[[#This Row],[Distance]]>7),"03: 2nd & 8+",IF(AND(Table11[[#This Row],[Down]]=2,Table11[[#This Row],[Distance]]>3,Table11[[#This Row],[Distance]]<8),"04: 2nd & 4 - 7",IF(AND(Table11[[#This Row],[Down]]=2,Table11[[#This Row],[Distance]]<4),"05: 2nd & < 4",IF(AND(Table11[[#This Row],[Down]]=3,Table11[[#This Row],[Distance]]>7),"06: 3rd & 8+",IF(AND(Table11[[#This Row],[Down]]=3,Table11[[#This Row],[Distance]]>3,Table11[[#This Row],[Distance]]<8),"07: 3rd & 4 - 7",IF(AND(Table11[[#This Row],[Down]]=3,Table11[[#This Row],[Distance]]<4),"08: 3rd & < 4",IF(AND(Table11[[#This Row],[Down]]=4,Table11[[#This Row],[Distance]]>1),"09: 4th & 2+",IF(AND(Table11[[#This Row],[Down]]=4,Table11[[#This Row],[Distance]]<2),"10: 4th & < 2"," ")))))))))) -> 01: 1st & 10+ | W29: =IF(AND(Table11[[#This Row],[Yard Line]]>-21,Table11[[#This Row],[Yard Line]]<-1),"0-20",IF(AND(Table11[[#This Row],[Yard Line]]>-50,Table11[[#This Row],[Yard Line]]<-20),"21-49",IF(AND(Table11[[#This Row],[Yard Line]]<51,Table11[[#This Row],[Yard Line]]>20),"50-21",IF(AND(Table11[[#This Row],[Yard Line]]<21,Table11[[#This Row],[Yard Line]]>2),"Red Zone",IF(Table11[[#This Row],[Yard Line]]<3,"Goal Line",""))))) -> Red Zone
A30: 45 | B30: 2 | C30: 2 | D30: 10 | E30: 10 | F30: 5 | G30: L | J30: Run | K30: R | L30: B | M30: 1 | P30: =Table11[[#This Row],[Gain/Loss]] -> 5 | Q30: =IF(Table11[[#This Row],[Direction]]="L",0.5,IF(Table11[[#This Row],[Direction]]="M",1.5,2.5)) -> 2.5 | R30: =IF(Table11[[#This Row],[Direction]]="R","Right",IF(Table11[[#This Row],[Direction]]="L","Left","Middle")) -> Right | S30: =IF(Table11[[#This Row],[Pass Zone]]="S",0.5,IF(Table11[[#This Row],[Pass Zone]]="M",1.5,2.5)) -> 2.5 | T30: =IF(AND(Table11[[#This Row],[Direction]]="R",Table11[[#This Row],[Strength]]="R"),"Strong",IF(AND(Table11[[#This Row],[Direction]]="L",Table11[[#This Row],[Strength]]="L"),"Strong",IF(AND(Table11[[#This Row],[Direction]]="R",Table11[[#This Row],[Strength]]="L"),"Weak",IF(AND(Table11[[#This Row],[Direction]]="L",Table11[[#This Row],[Strength]]="R"),"Weak",IF(AND(Table11[[#This Row],[Strength]]="BAL",Table11[[#This Row],[Direction]]="M"),"BAL",""))))) | U30: =IF(AND(Table11[[#This Row],[Hash]]="R",Table11[[#This Row],[Direction]]="L"),"Field",IF(AND(Table11[[#This Row],[Hash]]="L",Table11[[#This Row],[Direction]]="R"),"Field",IF(AND(Table11[[#This Row],[Hash]]="R",Table11[[#This Row],[Direction]]="R"),"Boundry",IF(AND(Table11[[#This Row],[Hash]]="L",Table11[[#This Row],[Direction]]="L"),"Boundry","")))) -> Field | V30: =IF(AND(Table11[[#This Row],[Down]]=1,Table11[[#This Row],[Distance]]>9),"01: 1st & 10+",IF(AND(Table11[[#This Row],[Down]]=1,Table11[[#This Row],[Distance]]<10),"02: 1st & < 10",IF(AND(Table11[[#This Row],[Down]]=2,Table11[[#This Row],[Distance]]>7),"03: 2nd & 8+",IF(AND(Table11[[#This Row],[Down]]=2,Table11[[#This Row],[Distance]]>3,Table11[[#This Row],[Distance]]<8),"04: 2nd & 4 - 7",IF(AND(Table11[[#This Row],[Down]]=2,Table11[[#This Row],[Distance]]<4),"05: 2nd & < 4",IF(AND(Table11[[#This Row],[Down]]=3,Table11[[#This Row],[Distance]]>7),"06: 3rd & 8+",IF(AND(Table11[[#This Row],[Down]]=3,Table11[[#This Row],[Distance]]>3,Table11[[#This Row],[Distance]]<8),"07: 3rd & 4 - 7",IF(AND(Table11[[#This Row],[Down]]=3,Table11[[#This Row],[Distance]]<4),"08: 3rd & < 4",IF(AND(Table11[[#This Row],[Down]]=4,Table11[[#This Row],[Distance]]>1),"09: 4th & 2+",IF(AND(Table11[[#This Row],[Down]]=4,Table11[[#This Row],[Distance]]<2),"10: 4th & < 2"," ")))))))))) -> 03: 2nd & 8+ | W30: =IF(AND(Table11[[#This Row],[Yard Line]]>-21,Table11[[#This Row],[Yard Line]]<-1),"0-20",IF(AND(Table11[[#This Row],[Yard Line]]>-50,Table11[[#This Row],[Yard Line]]<-20),"21-49",IF(AND(Table11[[#This Row],[Yard Line]]<51,Table11[[#This Row],[Yard Line]]>20),"50-21",IF(AND(Table11[[#This Row],[Yard Line]]<21,Table11[[#This Row],[Yard Line]]>2),"Red Zone",IF(Table11[[#This Row],[Yard Line]]<3,"Goal Line",""))))) -> Red Zone
A31: 47 | B31: 3 | C31: 3 | D31: 5 | E31: 5 | F31: 5 | G31: R | J31: Run | K31: R | L31: B | M31: 1 | P31: =Table11[[#This Row],[Gain/Loss]] -> 5 | Q31: =IF(Table11[[#This Row],[Direction]]="L",0.5,IF(Table11[[#This Row],[Direction]]="M",1.5,2.5)) -> 2.5 | R31: =IF(Table11[[#This Row],[Direction]]="R","Right",IF(Table11[[#This Row],[Direction]]="L","Left","Middle")) -> Right | S31: =IF(Table11[[#This Row],[Pass Zone]]="S",0.5,IF(Table11[[#This Row],[Pass Zone]]="M",1.5,2.5)) -> 2.5 | T31: =IF(AND(Table11[[#This Row],[Direction]]="R",Table11[[#This Row],[Strength]]="R"),"Strong",IF(AND(Table11[[#This Row],[Direction]]="L",Table11[[#This Row],[Strength]]="L"),"Strong",IF(AND(Table11[[#This Row],[Direction]]="R",Table11[[#This Row],[Strength]]="L"),"Weak",IF(AND(Table11[[#This Row],[Direction]]="L",Table11[[#This Row],[Strength]]="R"),"Weak",IF(AND(Table11[[#This Row],[Strength]]="BAL",Table11[[#This Row],[Direction]]="M"),"BAL",""))))) | U31: =IF(AND(Table11[[#This Row],[Hash]]="R",Table11[[#This Row],[Direction]]="L"),"Field",IF(AND(Table11[[#This Row],[Hash]]="L",Table11[[#This Row],[Direction]]="R"),"Field",IF(AND(Table11[[#This Row],[Hash]]="R",Table11[[#This Row],[Direction]]="R"),"Boundry",IF(AND(Table11[[#This Row],[Hash]]="L",Table11[[#This Row],[Direction]]="L"),"Boundry","")))) -> Boundry | V31: =IF(AND(Table11[[#This Row],[Down]]=1,Table11[[#This Row],[Distance]]>9),"01: 1st & 10+",IF(AND(Table11[[#This Row],[Down]]=1,Table11[[#This Row],[Distance]]<10),"02: 1st & < 10",IF(AND(Table11[[#This Row],[Down]]=2,Table11[[#This Row],[Distance]]>7),"03: 2nd & 8+",IF(AND(Table11[[#This Row],[Down]]=2,Table11[[#This Row],[Distance]]>3,Table11[[#This Row],[Distance]]<8),"04: 2nd & 4 - 7",IF(AND(Table11[[#This Row],[Down]]=2,Table11[[#This Row],[Distance]]<4),"05: 2nd & < 4",IF(AND(Table11[[#This Row],[Down]]=3,Table11[[#This Row],[Distance]]>7),"06: 3rd & 8+",IF(AND(Table11[[#This Row],[Down]]=3,Table11[[#This Row],[Distance]]>3,Table11[[#This Row],[Distance]]<8),"07: 3rd & 4 - 7",IF(AND(Table11[[#This Row],[Down]]=3,Table11[[#This Row],[Distance]]<4),"08: 3rd & < 4",IF(AND(Table11[[#This Row],[Down]]=4,Table11[[#This Row],[Distance]]>1),"09: 4th & 2+",IF(AND(Table11[[#This Row],[Down]]=4,Table11[[#This Row],[Distance]]<2),"10: 4th & < 2"," ")))))))))) -> 07: 3rd & 4 - 7 | W31: =IF(AND(Table11[[#This Row],[Yard Line]]>-21,Table11[[#This Row],[Yard Line]]<-1),"0-20",IF(AND(Table11[[#This Row],[Yard Line]]>-50,Table11[[#This Row],[Yard Line]]<-20),"21-49",IF(AND(Table11[[#This Row],[Yard Line]]<51,Table11[[#This Row],[Yard Line]]>20),"50-21",IF(AND(Table11[[#This Row],[Yard Line]]<21,Table11[[#This Row],[Yard Line]]>2),"Red Zone",IF(Table11[[#This Row],[Yard Line]]<3,"Goal Line",""))))) -> Red Zone
A32: 57 | B32: 1 | C32: 1 | D32: 10 | E32: -10 | F32: 0 | G32: L | J32: Run | K32: R | L32: B | M32: 1 | P32: =Table11[[#This Row],[Gain/Loss]] -> 0 | Q32: =IF(Table11[[#This Row],[Direction]]="L",0.5,IF(Table11[[#This Row],[Direction]]="M",1.5,2.5)) -> 2.5 | R32: =IF(Table11[[#This Row],[Direction]]="R","Right",IF(Table11[[#This Row],[Direction]]="L","Left","Middle")) -> Right | S32: =IF(Table11[[#This Row],[Pass Zone]]="S",0.5,IF(Table11[[#This Row],[Pass Zone]]="M",1.5,2.5)) -> 2.5 | T32: =IF(AND(Table11[[#This Row],[Direction]]="R",Table11[[#This Row],[Strength]]="R"),"Strong",IF(AND(Table11[[#This Row],[Direction]]="L",Table11[[#This Row],[Strength]]="L"),"Strong",IF(AND(Table11[[#This Row],[Direction]]="R",Table11[[#This Row],[Strength]]="L"),"Weak",IF(AND(Table11[[#This Row],[Direction]]="L",Table11[[#This Row],[Strength]]="R"),"Weak",IF(AND(Table11[[#This Row],[Strength]]="BAL",Table11[[#This Row],[Direction]]="M"),"BAL",""))))) | U32: =IF(AND(Table11[[#This Row],[Hash]]="R",Table11[[#This Row],[Direction]]="L"),"Field",IF(AND(Table11[[#This Row],[Hash]]="L",Table11[[#This Row],[Direction]]="R"),"Field",IF(AND(Table11[[#This Row],[Hash]]="R",Table11[[#This Row],[Direction]]="R"),"Boundry",IF(AND(Table11[[#This Row],[Hash]]="L",Table11[[#This Row],[Direction]]="L"),"Boundry","")))) -> Field | V32: =IF(AND(Table11[[#This Row],[Down]]=1,Table11[[#This Row],[Distance]]>9),"01: 1st & 10+",IF(AND(Table11[[#This Row],[Down]]=1,Table11[[#This Row],[Distance]]<10),"02: 1st & < 10",IF(AND(Table11[[#This Row],[Down]]=2,Table11[[#This Row],[Distance]]>7),"03: 2nd & 8+",IF(AND(Table11[[#This Row],[Down]]=2,Table11[[#This Row],[Distance]]>3,Table11[[#This Row],[Distance]]<8),"04: 2nd & 4 - 7",IF(AND(Table11[[#This Row],[Down]]=2,Table11[[#This Row],[Distance]]<4),"05: 2nd & < 4",IF(AND(Table11[[#This Row],[Down]]=3,Table11[[#This Row],[Distance]]>7),"06: 3rd & 8+",IF(AND(Table11[[#This Row],[Down]]=3,Table11[[#This Row],[Distance]]>3,Table11[[#This Row],[Distance]]<8),"07: 3rd & 4 - 7",IF(AND(Table11[[#This Row],[Down]]=3,Table11[[#This Row],[Distance]]<4),"08: 3rd & < 4",IF(AND(Table11[[#This Row],[Down]]=4,Table11[[#This Row],[Distance]]>1),"09: 4th & 2+",IF(AND(Table11[[#This Row],[Down]]=4,Table11[[#This Row],[Distance]]<2),"10: 4th & < 2"," ")))))))))) -> 01: 1st & 10+ | W32: =IF(AND(Table11[[#This Row],[Yard Line]]>-21,Table11[[#This Row],[Yard Line]]<-1),"0-20",IF(AND(Table11[[#This Row],[Yard Line]]>-50,Table11[[#This Row],[Yard Line]]<-20),"21-49",IF(AND(Table11[[#This Row],[Yard Line]]<51,Table11[[#This Row],[Yard Line]]>20),"50-21",IF(AND(Table11[[#This Row],[Yard Line]]<21,Table11[[#This Row],[Yard Line]]>2),"Red Zone",IF(Table11[[#This Row],[Yard Line]]<3,"Goal Line",""))))) -> 0-20
A33: 58 | B33: 2 | C33: 2 | D33: 10 | E33: -10 | F33: 2 | G33: R | J33: Run | K33: R | L33: B | M33: 1 | P33: =Table11[[#This Row],[Gain/Loss]] -> 2 | Q33: =IF(Table11[[#This Row],[Direction]]="L",0.5,IF(Table11[[#This Row],[Direction]]="M",1.5,2.5)) -> 2.5 | R33: =IF(Table11[[#This Row],[Direction]]="R","Right",IF(Table11[[#This Row],[Direction]]="L","Left","Middle")) -> Right | S33: =IF(Table11[[#This Row],[Pass Zone]]="S",0.5,IF(Table11[[#This Row],[Pass Zone]]="M",1.5,2.5)) -> 2.5 | T33: =IF(AND(Table11[[#This Row],[Direction]]="R",Table11[[#This Row],[Strength]]="R"),"Strong",IF(AND(Table11[[#This Row],[Direction]]="L",Table11[[#This Row],[Strength]]="L"),"Strong",IF(AND(Table11[[#This Row],[Direction]]="R",Table11[[#This Row],[Strength]]="L"),"Weak",IF(AND(Table11[[#This Row],[Direction]]="L",Table11[[#This Row],[Strength]]="R"),"Weak",IF(AND(Table11[[#This Row],[Strength]]="BAL",Table11[[#This Row],[Direction]]="M"),"BAL",""))))) | U33: =IF(AND(Table11[[#This Row],[Hash]]="R",Table11[[#This Row],[Direction]]="L"),"Field",IF(AND(Table11[[#This Row],[Hash]]="L",Table11[[#This Row],[Direction]]="R"),"Field",IF(AND(Table11[[#This Row],[Hash]]="R",Table11[[#This Row],[Direction]]="R"),"Boundry",IF(AND(Table11[[#This Row],[Hash]]="L",Table11[[#This Row],[Direction]]="L"),"Boundry","")))) -> Boundry | V33: =IF(AND(Table11[[#This Row],[Down]]=1,Table11[[#This Row],[Distance]]>9),"01: 1st & 10+",IF(AND(Table11[[#This Row],[Down]]=1,Table11[[#This Row],[Distance]]<10),"02: 1st & < 10",IF(AND(Table11[[#This Row],[Down]]=2,Table11[[#This Row],[Distance]]>7),"03: 2nd & 8+",IF(AND(Table11[[#This Row],[Down]]=2,Table11[[#This Row],[Distance]]>3,Table11[[#This Row],[Distance]]<8),"04: 2nd & 4 - 7",IF(AND(Table11[[#This Row],[Down]]=2,Table11[[#This Row],[Distance]]<4),"05: 2nd & < 4",IF(AND(Table11[[#This Row],[Down]]=3,Table11[[#This Row],[Distance]]>7),"06: 3rd & 8+",IF(AND(Table11[[#This Row],[Down]]=3,Table11[[#This Row],[Distance]]>3,Table11[[#This Row],[Distance]]<8),"07: 3rd & 4 - 7",IF(AND(Table11[[#This Row],[Down]]=3,Table11[[#This Row],[Distance]]<4),"08: 3rd & < 4",IF(AND(Table11[[#This Row],[Down]]=4,Table11[[#This Row],[Distance]]>1),"09: 4th & 2+",IF(AND(Table11[[#This Row],[Down]]=4,Table11[[#This Row],[Distance]]<2),"10: 4th & < 2"," ")))))))))) -> 03: 2nd & 8+ | W33: =IF(AND(Table11[[#This Row],[Yard Line]]>-21,Table11[[#This Row],[Yard Line]]<-1),"0-20",IF(AND(Table11[[#This Row],[Yard Line]]>-50,Table11[[#This Row],[Yard Line]]<-20),"21-49",IF(AND(Table11[[#This Row],[Yard Line]]<51,Table11[[#This Row],[Yard Line]]>20),"50-21",IF(AND(Table11[[#This Row],[Yard Line]]<21,Table11[[#This Row],[Yard Line]]>2),"Red Zone",IF(Table11[[#This Row],[Yard Line]]<3,"Goal Line",""))))) -> 0-20
A34: 59 | B34: 3 | C34: 3 | D34: 8 | E34: -12 | F34: -9 | G34: R | J34: Pass | K34: M | M34: 1 | N34: 0 | O34: S | P34: =Table11[[#This Row],[Gain/Loss]] -> -9 | Q34: =IF(Table11[[#This Row],[Direction]]="L",0.5,IF(Table11[[#This Row],[Direction]]="M",1.5,2.5)) -> 1.5 | R34: =IF(Table11[[#This Row],[Direction]]="R","Right",IF(Table11[[#This Row],[Direction]]="L","Left","Middle")) -> Middle | S34: =IF(Table11[[#This Row],[Pass Zone]]="S",0.5,IF(Table11[[#This Row],[Pass Zone]]="M",1.5,2.5)) -> 0.5 | T34: =IF(AND(Table11[[#This Row],[Direction]]="R",Table11[[#This Row],[Strength]]="R"),"Strong",IF(AND(Table11[[#This Row],[Direction]]="L",Table11[[#This Row],[Strength]]="L"),"Strong",IF(AND(Table11[[#This Row],[Direction]]="R",Table11[[#This Row],[Strength]]="L"),"Weak",IF(AND(Table11[[#This Row],[Direction]]="L",Table11[[#This Row],[Strength]]="R"),"Weak",IF(AND(Table11[[#This Row],[Strength]]="BAL",Table11[[#This Row],[Direction]]="M"),"BAL",""))))) | U34: =IF(AND(Table11[[#This Row],[Hash]]="R",Table11[[#This Row],[Direction]]="L"),"Field",IF(AND(Table11[[#This Row],[Hash]]="L",Table11[[#This Row],[Direction]]="R"),"Field",IF(AND(Table11[[#This Row],[Hash]]="R",Table11[[#This Row],[Direction]]="R"),"Boundry",IF(AND(Table11[[#This Row],[Hash]]="L",Table11[[#This Row],[Direction]]="L"),"Boundry","")))) | V34: =IF(AND(Table11[[#This Row],[Down]]=1,Table11[[#This Row],[Distance]]>9),"01: 1st & 10+",IF(AND(Table11[[#This Row],[Down]]=1,Table11[[#This Row],[Distance]]<10),"02: 1st & < 10",IF(AND(Table11[[#This Row],[Down]]=2,Table11[[#This Row],[Distance]]>7),"03: 2nd & 8+",IF(AND(Table11[[#This Row],[Down]]=2,Table11[[#This Row],[Distance]]>3,Table11[[#This Row],[Distance]]<8),"04: 2nd & 4 - 7",IF(AND(Table11[[#This Row],[Down]]=2,Table11[[#This Row],[Distance]]<4),"05: 2nd & < 4",IF(AND(Table11[[#This Row],[Down]]=3,Table11[[#This Row],[Distance]]>7),"06: 3rd & 8+",IF(AND(Table11[[#This Row],[Down]]=3,Table11[[#This Row],[Distance]]>3,Table11[[#This Row],[Distance]]<8),"07: 3rd & 4 - 7",IF(AND(Table11[[#This Row],[Down]]=3,Table11[[#This Row],[Distance]]<4),"08: 3rd & < 4",IF(AND(Table11[[#This Row],[Down]]=4,Table11[[#This Row],[Distance]]>1),"09: 4th & 2+",IF(AND(Table11[[#This Row],[Down]]=4,Table11[[#This Row],[Distance]]<2),"10: 4th & < 2"," ")))))))))) -> 06: 3rd & 8+ | W34: =IF(AND(Table11[[#This Row],[Yard Line]]>-21,Table11[[#This Row],[Yard Line]]<-1),"0-20",IF(AND(Table11[[#This Row],[Yard Line]]>-50,Table11[[#This Row],[Yard Line]]<-20),"21-49",IF(AND(Table11[[#This Row],[Yard Line]]<51,Table11[[#This Row],[Yard Line]]>20),"50-21",IF(AND(Table11[[#This Row],[Yard Line]]<21,Table11[[#This Row],[Yard Line]]>2),"Red Zone",IF(Table11[[#This Row],[Yard Line]]<3,"Goal Line",""))))) -> 0-20
A35: 63 | B35: 1 | C35: 1 | D35: 10 | E35: -2 | F35: 0 | G35: L | J35: Run | K35: R | L35: B | M35: 1 | P35: =Table11[[#This Row],[Gain/Loss]] -> 0 | Q35: =IF(Table11[[#This Row],[Direction]]="L",0.5,IF(Table11[[#This Row],[Direction]]="M",1.5,2.5)) -> 2.5 | R35: =IF(Table11[[#This Row],[Direction]]="R","Right",IF(Table11[[#This Row],[Direction]]="L","Left","Middle")) -> Right | S35: =IF(Table11[[#This Row],[Pass Zone]]="S",0.5,IF(Table11[[#This Row],[Pass Zone]]="M",1.5,2.5)) -> 2.5 | T35: =IF(AND(Table11[[#This Row],[Direction]]="R",Table11[[#This Row],[Strength]]="R"),"Strong",IF(AND(Table11[[#This Row],[Direction]]="L",Table11[[#This Row],[Strength]]="L"),"Strong",IF(AND(Table11[[#This Row],[Direction]]="R",Table11[[#This Row],[Strength]]="L"),"Weak",IF(AND(Table11[[#This Row],[Direction]]="L",Table11[[#This Row],[Strength]]="R"),"Weak",IF(AND(Table11[[#This Row],[Strength]]="BAL",Table11[[#This Row],[Direction]]="M"),"BAL",""))))) | U35: =IF(AND(Table11[[#This Row],[Hash]]="R",Table11[[#This Row],[Direction]]="L"),"Field",IF(AND(Table11[[#This Row],[Hash]]="L",Table11[[#This Row],[Direction]]="R"),"Field",IF(AND(Table11[[#This Row],[Hash]]="R",Table11[[#This Row],[Direction]]="R"),"Boundry",IF(AND(Table11[[#This Row],[Hash]]="L",Table11[[#This Row],[Direction]]="L"),"Boundry","")))) -> Field | V35: =IF(AND(Table11[[#This Row],[Down]]=1,Table11[[#This Row],[Distance]]>9),"01: 1st & 10+",IF(AND(Table11[[#This Row],[Down]]=1,Table11[[#This Row],[Distance]]<10),"02: 1st & < 10",IF(AND(Table11[[#This Row],[Down]]=2,Table11[[#This Row],[Distance]]>7),"03: 2nd & 8+",IF(AND(Table11[[#This Row],[Down]]=2,Table11[[#This Row],[Distance]]>3,Table11[[#This Row],[Distance]]<8),"04: 2nd & 4 - 7",IF(AND(Table11[[#This Row],[Down]]=2,Table11[[#This Row],[Distance]]<4),"05: 2nd & < 4",IF(AND(Table11[[#This Row],[Down]]=3,Table11[[#This Row],[Distance]]>7),"06: 3rd & 8+",IF(AND(Table11[[#This Row],[Down]]=3,Table11[[#This Row],[Distance]]>3,Table11[[#This Row],[Distance]]<8),"07: 3rd & 4 - 7",IF(AND(Table11[[#This Row],[Down]]=3,Table11[[#This Row],[Distance]]<4),"08: 3rd & < 4",IF(AND(Table11[[#This Row],[Down]]=4,Table11[[#This Row],[Distance]]>1),"09: 4th & 2+",IF(AND(Table11[[#This Row],[Down]]=4,Table11[[#This Row],[Distance]]<2),"10: 4th & < 2"," ")))))))))) -> 01: 1st & 10+ | W35: =IF(AND(Table11[[#This Row],[Yard Line]]>-21,Table11[[#This Row],[Yard Line]]<-1),"0-20",IF(AND(Table11[[#This Row],[Yard Line]]>-50,Table11[[#This Row],[Yard Line]]<-20),"21-49",IF(AND(Table11[[#This Row],[Yard Line]]<51,Table11[[#This Row],[Yard Line]]>20),"50-21",IF(AND(Table11[[#This Row],[Yard Line]]<21,Table11[[#This Row],[Yard Line]]>2),"Red Zone",IF(Table11[[#This Row],[Yard Line]]<3,"Goal Line",""))))) -> 0-20
A36: 64 | B36: 2 | C36: 2 | D36: 10 | E36: -2 | F36: 0 | G36: M | J36: Pass | K36: R | M36: 1 | N36: 0 | P36: =Table11[[#This Row],[Gain/Loss]] -> 0 | Q36: =IF(Table11[[#This Row],[Direction]]="L",0.5,IF(Table11[[#This Row],[Direction]]="M",1.5,2.5)) -> 2.5 | R36: =IF(Table11[[#This Row],[Direction]]="R","Right",IF(Table11[[#This Row],[Direction]]="L","Left","Middle")) -> Right | S36: =IF(Table11[[#This Row],[Pass Zone]]="S",0.5,IF(Table11[[#This Row],[Pass Zone]]="M",1.5,2.5)) -> 2.5 | T36: =IF(AND(Table11[[#This Row],[Direction]]="R",Table11[[#This Row],[Strength]]="R"),"Strong",IF(AND(Table11[[#This Row],[Direction]]="L",Table11[[#This Row],[Strength]]="L"),"Strong",IF(AND(Table11[[#This Row],[Direction]]="R",Table11[[#This Row],[Strength]]="L"),"Weak",IF(AND(Table11[[#This Row],[Direction]]="L",Table11[[#This Row],[Strength]]="R"),"Weak",IF(AND(Table11[[#This Row],[Strength]]="BAL",Table11[[#This Row],[Direction]]="M"),"BAL",""))))) | U36: =IF(AND(Table11[[#This Row],[Hash]]="R",Table11[[#This Row],[Direction]]="L"),"Field",IF(AND(Table11[[#This Row],[Hash]]="L",Table11[[#This Row],[Direction]]="R"),"Field",IF(AND(Table11[[#This Row],[Hash]]="R",Table11[[#This Row],[Direction]]="R"),"Boundry",IF(AND(Table11[[#This Row],[Hash]]="L",Table11[[#This Row],[Direction]]="L"),"Boundry","")))) | V36: =IF(AND(Table11[[#This Row],[Down]]=1,Table11[[#This Row],[Distance]]>9),"01: 1st & 10+",IF(AND(Table11[[#This Row],[Down]]=1,Table11[[#This Row],[Distance]]<10),"02: 1st & < 10",IF(AND(Table11[[#This Row],[Down]]=2,Table11[[#This Row],[Distance]]>7),"03: 2nd & 8+",IF(AND(Table11[[#This Row],[Down]]=2,Table11[[#This Row],[Distance]]>3,Table11[[#This Row],[Distance]]<8),"04: 2nd & 4 - 7",IF(AND(Table11[[#This Row],[Down]]=2,Table11[[#This Row],[Distance]]<4),"05: 2nd & < 4",IF(AND(Table11[[#This Row],[Down]]=3,Table11[[#This Row],[Distance]]>7),"06: 3rd & 8+",IF(AND(Table11[[#This Row],[Down]]=3,Table11[[#This Row],[Distance]]>3,Table11[[#This Row],[Distance]]<8),"07: 3rd & 4 - 7",IF(AND(Table11[[#This Row],[Down]]=3,Table11[[#This Row],[Distance]]<4),"08: 3rd & < 4",IF(AND(Table11[[#This Row],[Down]]=4,Table11[[#This Row],[Distance]]>1),"09: 4th & 2+",IF(AND(Table11[[#This Row],[Down]]=4,Table11[[#This Row],[Distance]]<2),"10: 4th & < 2"," ")))))))))) -> 03: 2nd & 8+ | W36: =IF(AND(Table11[[#This Row],[Yard Line]]>-21,Table11[[#This Row],[Yard Line]]<-1),"0-20",IF(AND(Table11[[#This Row],[Yard Line]]>-50,Table11[[#This Row],[Yard Line]]<-20),"21-49",IF(AND(Table11[[#This Row],[Yard Line]]<51,Table11[[#This Row],[Yard Line]]>20),"50-21",IF(AND(Table11[[#This Row],[Yard Line]]<21,Table11[[#This Row],[Yard Line]]>2),"Red Zone",IF(Table11[[#This Row],[Yard Line]]<3,"Goal Line",""))))) -> 0-20
A37: 71 | B37: 1 | C37: 1 | D37: 10 | E37: 23 | F37: 0 | G37: L | J37: Pass | K37: R | M37: 1 | N37: 0 | P37: =Table11[[#This Row],[Gain/Loss]] -> 0 | Q37: =IF(Table11[[#This Row],[Direction]]="L",0.5,IF(Table11[[#This Row],[Direction]]="M",1.5,2.5)) -> 2.5 | R37: =IF(Table11[[#This Row],[Direction]]="R","Right",IF(Table11[[#This Row],[Direction]]="L","Left","Middle")) -> Right | S37: =IF(Table11[[#This Row],[Pass Zone]]="S",0.5,IF(Table11[[#This Row],[Pass Zone]]="M",1.5,2.5)) -> 2.5 | T37: =IF(AND(Table11[[#This Row],[Direction]]="R",Table11[[#This Row],[Strength]]="R"),"Strong",IF(AND(Table11[[#This Row],[Direction]]="L",Table11[[#This Row],[Strength]]="L"),"Strong",IF(AND(Table11[[#This Row],[Direction]]="R",Table11[[#This Row],[Strength]]="L"),"Weak",IF(AND(Table11[[#This Row],[Direction]]="L",Table11[[#This Row],[Strength]]="R"),"Weak",IF(AND(Table11[[#This Row],[Strength]]="BAL",Table11[[#This Row],[Direction]]="M"),"BAL",""))))) | U37: =IF(AND(Table11[[#This Row],[Hash]]="R",Table11[[#This Row],[Direction]]="L"),"Field",IF(AND(Table11[[#This Row],[Hash]]="L",Table11[[#This Row],[Direction]]="R"),"Field",IF(AND(Table11[[#This Row],[Hash]]="R",Table11[[#This Row],[Direction]]="R"),"Boundry",IF(AND(Table11[[#This Row],[Hash]]="L",Table11[[#This Row],[Direction]]="L"),"Boundry","")))) -> Field | V37: =IF(AND(Table11[[#This Row],[Down]]=1,Table11[[#This Row],[Distance]]>9),"01: 1st & 10+",IF(AND(Table11[[#This Row],[Down]]=1,Table11[[#This Row],[Distance]]<10),"02: 1st & < 10",IF(AND(Table11[[#This Row],[Down]]=2,Table11[[#This Row],[Distance]]>7),"03: 2nd & 8+",IF(AND(Table11[[#This Row],[Down]]=2,Table11[[#This Row],[Distance]]>3,Table11[[#This Row],[Distance]]<8),"04: 2nd & 4 - 7",IF(AND(Table11[[#This Row],[Down]]=2,Table11[[#This Row],[Distance]]<4),"05: 2nd & < 4",IF(AND(Table11[[#This Row],[Down]]=3,Table11[[#This Row],[Distance]]>7),"06: 3rd & 8+",IF(AND(Table11[[#This Row],[Down]]=3,Table11[[#This Row],[Distance]]>3,Table11[[#This Row],[Distance]]<8),"07: 3rd & 4 - 7",IF(AND(Table11[[#This Row],[Down]]=3,Table11[[#This Row],[Distance]]<4),"08: 3rd & < 4",IF(AND(Table11[[#This Row],[Down]]=4,Table11[[#This Row],[Distance]]>1),"09: 4th & 2+",IF(AND(Table11[[#This Row],[Down]]=4,Table11[[#This Row],[Distance]]<2),"10: 4th & < 2"," ")))))))))) -> 01: 1st & 10+ | W37: =IF(AND(Table11[[#This Row],[Yard Line]]>-21,Table11[[#This Row],[Yard Line]]<-1),"0-20",IF(AND(Table11[[#This Row],[Yard Line]]>-50,Table11[[#This Row],[Yard Line]]<-20),"21-49",IF(AND(Table11[[#This Row],[Yard Line]]<51,Table11[[#This Row],[Yard Line]]>20),"50-21",IF(AND(Table11[[#This Row],[Yard Line]]<21,Table11[[#This Row],[Yard Line]]>2),"Red Zone",IF(Table11[[#This Row],[Yard Line]]<3,"Goal Line",""))))) -> 50-21
A38: 72 | B38: 2 | C38: 2 | D38: 10 | E38: 23 | F38: -6 | G38: L | J38: Run | K38: R | L38: B | M38: 1 | P38: =Table11[[#This Row],[Gain/Loss]] -> -6 | Q38: =IF(Table11[[#This Row],[Direction]]="L",0.5,IF(Table11[[#This Row],[Direction]]="M",1.5,2.5)) -> 2.5 | R38: =IF(Table11[[#This Row],[Direction]]="R","Right",IF(Table11[[#This Row],[Direction]]="L","Left","Middle")) -> Right | S38: =IF(Table11[[#This Row],[Pass Zone]]="S",0.5,IF(Table11[[#This Row],[Pass Zone]]="M",1.5,2.5)) -> 2.5 | T38: =IF(AND(Table11[[#This Row],[Direction]]="R",Table11[[#This Row],[Strength]]="R"),"Strong",IF(AND(Table11[[#This Row],[Direction]]="L",Table11[[#This Row],[Strength]]="L"),"Strong",IF(AND(Table11[[#This Row],[Direction]]="R",Table11[[#This Row],[Strength]]="L"),"Weak",IF(AND(Table11[[#This Row],[Direction]]="L",Table11[[#This Row],[Strength]]="R"),"Weak",IF(AND(Table11[[#This Row],[Strength]]="BAL",Table11[[#This Row],[Direction]]="M"),"BAL",""))))) | U38: =IF(AND(Table11[[#This Row],[Hash]]="R",Table11[[#This Row],[Direction]]="L"),"Field",IF(AND(Table11[[#This Row],[Hash]]="L",Table11[[#This Row],[Direction]]="R"),"Field",IF(AND(Table11[[#This Row],[Hash]]="R",Table11[[#This Row],[Direction]]="R"),"Boundry",IF(AND(Table11[[#This Row],[Hash]]="L",Table11[[#This Row],[Direction]]="L"),"Boundry","")))) -> Field | V38: =IF(AND(Table11[[#This Row],[Down]]=1,Table11[[#This Row],[Distance]]>9),"01: 1st & 10+",IF(AND(Table11[[#This Row],[Down]]=1,Table11[[#This Row],[Distance]]<10),"02: 1st & < 10",IF(AND(Table11[[#This Row],[Down]]=2,Table11[[#This Row],[Distance]]>7),"03: 2nd & 8+",IF(AND(Table11[[#This Row],[Down]]=2,Table11[[#This Row],[Distance]]>3,Table11[[#This Row],[Distance]]<8),"04: 2nd & 4 - 7",IF(AND(Table11[[#This Row],[Down]]=2,Table11[[#This Row],[Distance]]<4),"05: 2nd & < 4",IF(AND(Table11[[#This Row],[Down]]=3,Table11[[#This Row],[Distance]]>7),"06: 3rd & 8+",IF(AND(Table11[[#This Row],[Down]]=3,Table11[[#This Row],[Distance]]>3,Table11[[#This Row],[Distance]]<8),"07: 3rd & 4 - 7",IF(AND(Table11[[#This Row],[Down]]=3,Table11[[#This Row],[Distance]]<4),"08: 3rd & < 4",IF(AND(Table11[[#This Row],[Down]]=4,Table11[[#This Row],[Distance]]>1),"09: 4th & 2+",IF(AND(Table11[[#This Row],[Down]]=4,Table11[[#This Row],[Distance]]<2),"10: 4th & < 2"," ")))))))))) -> 03: 2nd & 8+ | W38: =IF(AND(Table11[[#This Row],[Yard Line]]>-21,Table11[[#This Row],[Yard Line]]<-1),"0-20",IF(AND(Table11[[#This Row],[Yard Line]]>-50,Table11[[#This Row],[Yard Line]]<-20),"21-49",IF(AND(Table11[[#This Row],[Yard Line]]<51,Table11[[#This Row],[Yard Line]]>20),"50-21",IF(AND(Table11[[#This Row],[Yard Line]]<21,Table11[[#This Row],[Yard Line]]>2),"Red Zone",IF(Table11[[#This Row],[Yard Line]]<3,"Goal Line",""))))) -> 50-21
A39: 73 | B39: 3 | C39: 3 | D39: 16 | E39: 29 | F39: 21 | G39: M | J39: Pass | K39: R | M39: 1 | N39: 1 | O39: D | P39: =Table11[[#This Row],[Gain/Loss]] -> 21 | Q39: =IF(Table11[[#This Row],[Direction]]="L",0.5,IF(Table11[[#This Row],[Direction]]="M",1.5,2.5)) -> 2.5 | R39: =IF(Table11[[#This Row],[Direction]]="R","Right",IF(Table11[[#This Row],[Direction]]="L","Left","Middle")) -> Right | S39: =IF(Table11[[#This Row],[Pass Zone]]="S",0.5,IF(Table11[[#This Row],[Pass Zone]]="M",1.5,2.5)) -> 2.5 | T39: =IF(AND(Table11[[#This Row],[Direction]]="R",Table11[[#This Row],[Strength]]="R"),"Strong",IF(AND(Table11[[#This Row],[Direction]]="L",Table11[[#This Row],[Strength]]="L"),"Strong",IF(AND(Table11[[#This Row],[Direction]]="R",Table11[[#This Row],[Strength]]="L"),"Weak",IF(AND(Table11[[#This Row],[Direction]]="L",Table11[[#This Row],[Strength]]="R"),"Weak",IF(AND(Table11[[#This Row],[Strength]]="BAL",Table11[[#This Row],[Direction]]="M"),"BAL",""))))) | U39: =IF(AND(Table11[[#This Row],[Hash]]="R",Table11[[#This Row],[Direction]]="L"),"Field",IF(AND(Table11[[#This Row],[Hash]]="L",Table11[[#This Row],[Direction]]="R"),"Field",IF(AND(Table11[[#This Row],[Hash]]="R",Table11[[#This Row],[Direction]]="R"),"Boundry",IF(AND(Table11[[#This Row],[Hash]]="L",Table11[[#This Row],[Direction]]="L"),"Boundry","")))) | V39: =IF(AND(Table11[[#This Row],[Down]]=1,Table11[[#This Row],[Distance]]>9),"01: 1st & 10+",IF(AND(Table11[[#This Row],[Down]]=1,Table11[[#This Row],[Distance]]<10),"02: 1st & < 10",IF(AND(Table11[[#This Row],[Down]]=2,Table11[[#This Row],[Distance]]>7),"03: 2nd & 8+",IF(AND(Table11[[#This Row],[Down]]=2,Table11[[#This Row],[Distance]]>3,Table11[[#This Row],[Distance]]<8),"04: 2nd & 4 - 7",IF(AND(Table11[[#This Row],[Down]]=2,Table11[[#This Row],[Distance]]<4),"05: 2nd & < 4",IF(AND(Table11[[#This Row],[Down]]=3,Table11[[#This Row],[Distance]]>7),"06: 3rd & 8+",IF(AND(Table11[[#This Row],[Down]]=3,Table11[[#This Row],[Distance]]>3,Table11[[#This Row],[Distance]]<8),"07: 3rd & 4 - 7",IF(AND(Table11[[#This Row],[Down]]=3,Table11[[#This Row],[Distance]]<4),"08: 3rd & < 4",IF(AND(Table11[[#This Row],[Down]]=4,Table11[[#This Row],[Distance]]>1),"09: 4th & 2+",IF(AND(Table11[[#This Row],[Down]]=4,Table11[[#This Row],[Distance]]<2),"10: 4th & < 2"," ")))))))))) -> 06: 3rd & 8+ | W39: =IF(AND(Table11[[#This Row],[Yard Line]]>-21,Table11[[#This Row],[Yard Line]]<-1),"0-20",IF(AND(Table11[[#This Row],[Yard Line]]>-50,Table11[[#This Row],[Yard Line]]<-20),"21-49",IF(AND(Table11[[#This Row],[Yard Line]]<51,Table11[[#This Row],[Yard Line]]>20),"50-21",IF(AND(Table11[[#This Row],[Yard Line]]<21,Table11[[#This Row],[Yard Line]]>2),"Red Zone",IF(Table11[[#This Row],[Yard Line]]<3,"Goal Line",""))))) -> 50-21
A40: 76 | B40: 1 | C40: 1 | D40: 10 | E40: 20 | F40: 1 | G40: L | J40: Run | K40: L | L40: B | M40: 1 | P40: =Table11[[#This Row],[Gain/Loss]] -> 1 | Q40: =IF(Table11[[#This Row],[Direction]]="L",0.5,IF(Table11[[#This Row],[Direction]]="M",1.5,2.5)) -> 0.5 | R40: =IF(Table11[[#This Row],[Direction]]="R","Right",IF(Table11[[#This Row],[Direction]]="L","Left","Middle")) -> Left | S40: =IF(Table11[[#This Row],[Pass Zone]]="S",0.5,IF(Table11[[#This Row],[Pass Zone]]="M",1.5,2.5)) -> 2.5 | T40: =IF(AND(Table11[[#This Row],[Direction]]="R",Table11[[#This Row],[Strength]]="R"),"Strong",IF(AND(Table11[[#This Row],[Direction]]="L",Table11[[#This Row],[Strength]]="L"),"Strong",IF(AND(Table11[[#This Row],[Direction]]="R",Table11[[#This Row],[Strength]]="L"),"Weak",IF(AND(Table11[[#This Row],[Direction]]="L",Table11[[#This Row],[Strength]]="R"),"Weak",IF(AND(Table11[[#This Row],[Strength]]="BAL",Table11[[#This Row],[Direction]]="M"),"BAL",""))))) | U40: =IF(AND(Table11[[#This Row],[Hash]]="R",Table11[[#This Row],[Direction]]="L"),"Field",IF(AND(Table11[[#This Row],[Hash]]="L",Table11[[#This Row],[Direction]]="R"),"Field",IF(AND(Table11[[#This Row],[Hash]]="R",Table11[[#This Row],[Direction]]="R"),"Boundry",IF(AND(Table11[[#This Row],[Hash]]="L",Table11[[#This Row],[Direction]]="L"),"Boundry","")))) -> Boundry | V40: =IF(AND(Table11[[#This Row],[Down]]=1,Table11[[#This Row],[Distance]]>9),"01: 1st & 10+",IF(AND(Table11[[#This Row],[Down]]=1,Table11[[#This Row],[Distance]]<10),"02: 1st & < 10",IF(AND(Table11[[#This Row],[Down]]=2,Table11[[#This Row],[Distance]]>7),"03: 2nd & 8+",IF(AND(Table11[[#This Row],[Down]]=2,Table11[[#This Row],[Distance]]>3,Table11[[#This Row],[Distance]]<8),"04: 2nd & 4 - 7",IF(AND(Table11[[#This Row],[Down]]=2,Table11[[#This Row],[Distance]]<4),"05: 2nd & < 4",IF(AND(Table11[[#This Row],[Down]]=3,Table11[[#This Row],[Distance]]>7),"06: 3rd & 8+",IF(AND(Table11[[#This Row],[Down]]=3,Table11[[#This Row],[Distance]]>3,Table11[[#This Row],[Distance]]<8),"07: 3rd & 4 - 7",IF(AND(Table11[[#This Row],[Down]]=3,Table11[[#This Row],[Distance]]<4),"08: 3rd & < 4",IF(AND(Table11[[#This Row],[Down]]=4,Table11[[#This Row],[Distance]]>1),"09: 4th & 2+",IF(AND(Table11[[#This Row],[Down]]=4,Table11[[#This Row],[Distance]]<2),"10: 4th & < 2"," ")))))))))) -> 01: 1st & 10+ | W40: =IF(AND(Table11[[#This Row],[Yard Line]]>-21,Table11[[#This Row],[Yard Line]]<-1),"0-20",IF(AND(Table11[[#This Row],[Yard Line]]>-50,Table11[[#This Row],[Yard Line]]<-20),"21-49",IF(AND(Table11[[#This Row],[Yard Line]]<51,Table11[[#This Row],[Yard Line]]>20),"50-21",IF(AND(Table11[[#This Row],[Yard Line]]<21,Table11[[#This Row],[Yard Line]]>2),"Red Zone",IF(Table11[[#This Row],[Yard Line]]<3,"Goal Line",""))))) -> Red Zone
A41: 77 | B41: 2 | C41: 2 | D41: 9 | E41: 19 | F41: 19 | G41: L | J41: Run | K41: L | L41: B | M41: 1 | P41: =Table11[[#This Row],[Gain/Loss]] -> 19 | Q41: =IF(Table11[[#This Row],[Direction]]="L",0.5,IF(Table11[[#This Row],[Direction]]="M",1.5,2.5)) -> 0.5 | R41: =IF(Table11[[#This Row],[Direction]]="R","Right",IF(Table11[[#This Row],[Direction]]="L","Left","Middle")) -> Left | S41: =IF(Table11[[#This Row],[Pass Zone]]="S",0.5,IF(Table11[[#This Row],[Pass Zone]]="M",1.5,2.5)) -> 2.5 | T41: =IF(AND(Table11[[#This Row],[Direction]]="R",Table11[[#This Row],[Strength]]="R"),"Strong",IF(AND(Table11[[#This Row],[Direction]]="L",Table11[[#This Row],[Strength]]="L"),"Strong",IF(AND(Table11[[#This Row],[Direction]]="R",Table11[[#This Row],[Strength]]="L"),"Weak",IF(AND(Table11[[#This Row],[Direction]]="L",Table11[[#This Row],[Strength]]="R"),"Weak",IF(AND(Table11[[#This Row],[Strength]]="BAL",Table11[[#This Row],[Direction]]="M"),"BAL",""))))) | U41: =IF(AND(Table11[[#This Row],[Hash]]="R",Table11[[#This Row],[Direction]]="L"),"Field",IF(AND(Table11[[#This Row],[Hash]]="L",Table11[[#This Row],[Direction]]="R"),"Field",IF(AND(Table11[[#This Row],[Hash]]="R",Table11[[#This Row],[Direction]]="R"),"Boundry",IF(AND(Table11[[#This Row],[Hash]]="L",Table11[[#This Row],[Direction]]="L"),"Boundry","")))) -> Boundry | V41: =IF(AND(Table11[[#This Row],[Down]]=1,Table11[[#This Row],[Distance]]>9),"01: 1st & 10+",IF(AND(Table11[[#This Row],[Down]]=1,Table11[[#This Row],[Distance]]<10),"02: 1st & < 10",IF(AND(Table11[[#This Row],[Down]]=2,Table11[[#This Row],[Distance]]>7),"03: 2nd & 8+",IF(AND(Table11[[#This Row],[Down]]=2,Table11[[#This Row],[Distance]]>3,Table11[[#This Row],[Distance]]<8),"04: 2nd & 4 - 7",IF(AND(Table11[[#This Row],[Down]]=2,Table11[[#This Row],[Distance]]<4),"05: 2nd & < 4",IF(AND(Table11[[#This Row],[Down]]=3,Table11[[#This Row],[Distance]]>7),"06: 3rd & 8+",IF(AND(Table11[[#This Row],[Down]]=3,Table11[[#This Row],[Distance]]>3,Table11[[#This Row],[Distance]]<8),"07: 3rd & 4 - 7",IF(AND(Table11[[#This Row],[Down]]=3,Table11[[#This Row],[Distance]]<4),"08: 3rd & < 4",IF(AND(Table11[[#This Row],[Down]]=4,Table11[[#This Row],[Distance]]>1),"09: 4th & 2+",IF(AND(Table11[[#This Row],[Down]]=4,Table11[[#This Row],[Distance]]<2),"10: 4th & < 2"," ")))))))))) -> 03: 2nd & 8+ | W41: =IF(AND(Table11[[#This Row],[Yard Line]]>-21,Table11[[#This Row],[Yard Line]]<-1),"0-20",IF(AND(Table11[[#This Row],[Yard Line]]>-50,Table11[[#This Row],[Yard Line]]<-20),"21-49",IF(AND(Table11[[#This Row],[Yard Line]]<51,Table11[[#This Row],[Yard Line]]>20),"50-21",IF(AND(Table11[[#This Row],[Yard Line]]<21,Table11[[#This Row],[Yard Line]]>2),"Red Zone",IF(Table11[[#This Row],[Yard Line]]<3,"Goal Line",""))))) -> Red Zone
A42: 85 | B42: 1 | C42: 1 | D42: 10 | E42: -28 | F42: 16 | G42: R | J42: Run | K42: L | L42: B | M42: 1 | P42: =Table11[[#This Row],[Gain/Loss]] -> 16 | Q42: =IF(Table11[[#This Row],[Direction]]="L",0.5,IF(Table11[[#This Row],[Direction]]="M",1.5,2.5)) -> 0.5 | R42: =IF(Table11[[#This Row],[Direction]]="R","Right",IF(Table11[[#This Row],[Direction]]="L","Left","Middle")) -> Left | S42: =IF(Table11[[#This Row],[Pass Zone]]="S",0.5,IF(Table11[[#This Row],[Pass Zone]]="M",1.5,2.5)) -> 2.5 | T42: =IF(AND(Table11[[#This Row],[Direction]]="R",Table11[[#This Row],[Strength]]="R"),"Strong",IF(AND(Table11[[#This Row],[Direction]]="L",Table11[[#This Row],[Strength]]="L"),"Strong",IF(AND(Table11[[#This Row],[Direction]]="R",Table11[[#This Row],[Strength]]="L"),"Weak",IF(AND(Table11[[#This Row],[Direction]]="L",Table11[[#This Row],[Strength]]="R"),"Weak",IF(AND(Table11[[#This Row],[Strength]]="BAL",Table11[[#This Row],[Direction]]="M"),"BAL",""))))) | U42: =IF(AND(Table11[[#This Row],[Hash]]="R",Table11[[#This Row],[Direction]]="L"),"Field",IF(AND(Table11[[#This Row],[Hash]]="L",Table11[[#This Row],[Direction]]="R"),"Field",IF(AND(Table11[[#This Row],[Hash]]="R",Table11[[#This Row],[Direction]]="R"),"Boundry",IF(AND(Table11[[#This Row],[Hash]]="L",Table11[[#This Row],[Direction]]="L"),"Boundry","")))) -> Field | V42: =IF(AND(Table11[[#This Row],[Down]]=1,Table11[[#This Row],[Distance]]>9),"01: 1st & 10+",IF(AND(Table11[[#This Row],[Down]]=1,Table11[[#This Row],[Distance]]<10),"02: 1st & < 10",IF(AND(Table11[[#This Row],[Down]]=2,Table11[[#This Row],[Distance]]>7),"03: 2nd & 8+",IF(AND(Table11[[#This Row],[Down]]=2,Table11[[#This Row],[Distance]]>3,Table11[[#This Row],[Distance]]<8),"04: 2nd & 4 - 7",IF(AND(Table11[[#This Row],[Down]]=2,Table11[[#This Row],[Distance]]<4),"05: 2nd & < 4",IF(AND(Table11[[#This Row],[Down]]=3,Table11[[#This Row],[Distance]]>7),"06: 3rd & 8+",IF(AND(Table11[[#This Row],[Down]]=3,Table11[[#This Row],[Distance]]>3,Table11[[#This Row],[Distance]]<8),"07: 3rd & 4 - 7",IF(AND(Table11[[#This Row],[Down]]=3,Table11[[#This Row],[Distance]]<4),"08: 3rd & < 4",IF(AND(Table11[[#This Row],[Down]]=4,Table11[[#This Row],[Distance]]>1),"09: 4th & 2+",IF(AND(Table11[[#This Row],[Down]]=4,Table11[[#This Row],[Distance]]<2),"10: 4th & < 2"," ")))))))))) -> 01: 1st & 10+ | W42: =IF(AND(Table11[[#This Row],[Yard Line]]>-21,Table11[[#This Row],[Yard Line]]<-1),"0-20",IF(AND(Table11[[#This Row],[Yard Line]]>-50,Table11[[#This Row],[Yard Line]]<-20),"21-49",IF(AND(Table11[[#This Row],[Yard Line]]<51,Table11[[#This Row],[Yard Line]]>20),"50-21",IF(AND(Table11[[#This Row],[Yard Line]]<21,Table11[[#This Row],[Yard Line]]>2),"Red Zone",IF(Table11[[#This Row],[Yard Line]]<3,"Goal Line",""))))) -> 21-49
A43: 87 | B43: 1 | C43: 1 | D43: 15 | E43: -39 | F43: 2 | G43: L | J43: Run | K43: R | L43: B | M43: 1 | P43: =Table11[[#This Row],[Gain/Loss]] -> 2 | Q43: =IF(Table11[[#This Row],[Direction]]="L",0.5,IF(Table11[[#This Row],[Direction]]="M",1.5,2.5)) -> 2.5 | R43: =IF(Table11[[#This Row],[Direction]]="R","Right",IF(Table11[[#This Row],[Direction]]="L","Left","Middle")) -> Right | S43: =IF(Table11[[#This Row],[Pass Zone]]="S",0.5,IF(Table11[[#This Row],[Pass Zone]]="M",1.5,2.5)) -> 2.5 | T43: =IF(AND(Table11[[#This Row],[Direction]]="R",Table11[[#This Row],[Strength]]="R"),"Strong",IF(AND(Table11[[#This Row],[Direction]]="L",Table11[[#This Row],[Strength]]="L"),"Strong",IF(AND(Table11[[#This Row],[Direction]]="R",Table11[[#This Row],[Strength]]="L"),"Weak",IF(AND(Table11[[#This Row],[Direction]]="L",Table11[[#This Row],[Strength]]="R"),"Weak",IF(AND(Table11[[#This Row],[Strength]]="BAL",Table11[[#This Row],[Direction]]="M"),"BAL",""))))) | U43: =IF(AND(Table11[[#This Row],[Hash]]="R",Table11[[#This Row],[Direction]]="L"),"Field",IF(AND(Table11[[#This Row],[Hash]]="L",Table11[[#This Row],[Direction]]="R"),"Field",IF(AND(Table11[[#This Row],[Hash]]="R",Table11[[#This Row],[Direction]]="R"),"Boundry",IF(AND(Table11[[#This Row],[Hash]]="L",Table11[[#This Row],[Direction]]="L"),"Boundry","")))) -> Field | V43: =IF(AND(Table11[[#This Row],[Down]]=1,Table11[[#This Row],[Distance]]>9),"01: 1st & 10+",IF(AND(Table11[[#This Row],[Down]]=1,Table11[[#This Row],[Distance]]<10),"02: 1st & < 10",IF(AND(Table11[[#This Row],[Down]]=2,Table11[[#This Row],[Distance]]>7),"03: 2nd & 8+",IF(AND(Table11[[#This Row],[Down]]=2,Table11[[#This Row],[Distance]]>3,Table11[[#This Row],[Distance]]<8),"04: 2nd & 4 - 7",IF(AND(Table11[[#This Row],[Down]]=2,Table11[[#This Row],[Distance]]<4),"05: 2nd & < 4",IF(AND(Table11[[#This Row],[Down]]=3,Table11[[#This Row],[Distance]]>7),"06: 3rd & 8+",IF(AND(Table11[[#This Row],[Down]]=3,Table11[[#This Row],[Distance]]>3,Table11[[#This Row],[Distance]]<8),"07: 3rd & 4 - 7",IF(AND(Table11[[#This Row],[Down]]=3,Table11[[#This Row],[Distance]]<4),"08: 3rd & < 4",IF(AND(Table11[[#This Row],[Down]]=4,Table11[[#This Row],[Distance]]>1),"09: 4th & 2+",IF(AND(Table11[[#This Row],[Down]]=4,Table11[[#This Row],[Distance]]<2),"10: 4th & < 2"," ")))))))))) -> 01: 1st & 10+ | W43: =IF(AND(Table11[[#This Row],[Yard Line]]>-21,Table11[[#This Row],[Yard Line]]<-1),"0-20",IF(AND(Table11[[#This Row],[Yard Line]]>-50,Table11[[#This Row],[Yard Line]]<-20),"21-49",IF(AND(Table11[[#This Row],[Yard Line]]<51,Table11[[#This Row],[Yard Line]]>20),"50-21",IF(AND(Table11[[#This Row],[Yard Line]]<21,Table11[[#This Row],[Yard Line]]>2),"Red Zone",IF(Table11[[#This Row],[Yard Line]]<3,"Goal Line",""))))) -> 21-49
A44: 88 | B44: 2 | C44: 2 | D44: 13 | E44: -41 | F44: 4 | G44: R | J44: Run | K44: L | L44: B | M44: 1 | P44: =Table11[[#This Row],[Gain/Loss]] -> 4 | Q44: =IF(Table11[[#This Row],[Direction]]="L",0.5,IF(Table11[[#This Row],[Direction]]="M",1.5,2.5)) -> 0.5 | R44: =IF(Table11[[#This Row],[Direction]]="R","Right",IF(Table11[[#This Row],[Direction]]="L","Left","Middle")) -> Left | S44: =IF(Table11[[#This Row],[Pass Zone]]="S",0.5,IF(Table11[[#This Row],[Pass Zone]]="M",1.5,2.5)) -> 2.5 | T44: =IF(AND(Table11[[#This Row],[Direction]]="R",Table11[[#This Row],[Strength]]="R"),"Strong",IF(AND(Table11[[#This Row],[Direction]]="L",Table11[[#This Row],[Strength]]="L"),"Strong",IF(AND(Table11[[#This Row],[Direction]]="R",Table11[[#This Row],[Strength]]="L"),"Weak",IF(AND(Table11[[#This Row],[Direction]]="L",Table11[[#This Row],[Strength]]="R"),"Weak",IF(AND(Table11[[#This Row],[Strength]]="BAL",Table11[[#This Row],[Direction]]="M"),"BAL",""))))) | U44: =IF(AND(Table11[[#This Row],[Hash]]="R",Table11[[#This Row],[Direction]]="L"),"Field",IF(AND(Table11[[#This Row],[Hash]]="L",Table11[[#This Row],[Direction]]="R"),"Field",IF(AND(Table11[[#This Row],[Hash]]="R",Table11[[#This Row],[Direction]]="R"),"Boundry",IF(AND(Table11[[#This Row],[Hash]]="L",Table11[[#This Row],[Direction]]="L"),"Boundry","")))) -> Field | V44: =IF(AND(Table11[[#This Row],[Down]]=1,Table11[[#This Row],[Distance]]>9),"01: 1st & 10+",IF(AND(Table11[[#This Row],[Down]]=1,Table11[[#This Row],[Distance]]<10),"02: 1st & < 10",IF(AND(Table11[[#This Row],[Down]]=2,Table11[[#This Row],[Distance]]>7),"03: 2nd & 8+",IF(AND(Table11[[#This Row],[Down]]=2,Table11[[#This Row],[Distance]]>3,Table11[[#This Row],[Distance]]<8),"04: 2nd & 4 - 7",IF(AND(Table11[[#This Row],[Down]]=2,Table11[[#This Row],[Distance]]<4),"05: 2nd & < 4",IF(AND(Table11[[#This Row],[Down]]=3,Table11[[#This Row],[Distance]]>7),"06: 3rd & 8+",IF(AND(Table11[[#This Row],[Down]]=3,Table11[[#This Row],[Distance]]>3,Table11[[#This Row],[Distance]]<8),"07: 3rd & 4 - 7",IF(AND(Table11[[#This Row],[Down]]=3,Table11[[#This Row],[Distance]]<4),"08: 3rd & < 4",IF(AND(Table11[[#This Row],[Down]]=4,Table11[[#This Row],[Distance]]>1),"09: 4th & 2+",IF(AND(Table11[[#This Row],[Down]]=4,Table11[[#This Row],[Distance]]<2),"10: 4th & < 2"," ")))))))))) -> 03: 2nd & 8+ | W44: =IF(AND(Table11[[#This Row],[Yard Line]]>-21,Table11[[#This Row],[Yard Line]]<-1),"0-20",IF(AND(Table11[[#This Row],[Yard Line]]>-50,Table11[[#This Row],[Yard Line]]<-20),"21-49",IF(AND(Table11[[#This Row],[Yard Line]]<51,Table11[[#This Row],[Yard Line]]>20),"50-21",IF(AND(Table11[[#This Row],[Yard Line]]<21,Table11[[#This Row],[Yard Line]]>2),"Red Zone",IF(Table11[[#This Row],[Yard Line]]<3,"Goal Line",""))))) -> 21-49
A45: 89 | B45: 3 | C45: 3 | D45: 9 | E45: -45 | F45: 3 | G45: L | J45: Run | K45: R | L45: B | M45: 1 | P45: =Table11[[#This Row],[Gain/Loss]] -> 3 | Q45: =IF(Table11[[#This Row],[Direction]]="L",0.5,IF(Table11[[#This Row],[Direction]]="M",1.5,2.5)) -> 2.5 | R45: =IF(Table11[[#This Row],[Direction]]="R","Right",IF(Table11[[#This Row],[Direction]]="L","Left","Middle")) -> Right | S45: =IF(Table11[[#This Row],[Pass Zone]]="S",0.5,IF(Table11[[#This Row],[Pass Zone]]="M",1.5,2.5)) -> 2.5 | T45: =IF(AND(Table11[[#This Row],[Direction]]="R",Table11[[#This Row],[Strength]]="R"),"Strong",IF(AND(Table11[[#This Row],[Direction]]="L",Table11[[#This Row],[Strength]]="L"),"Strong",IF(AND(Table11[[#This Row],[Direction]]="R",Table11[[#This Row],[Strength]]="L"),"Weak",IF(AND(Table11[[#This Row],[Direction]]="L",Table11[[#This Row],[Strength]]="R"),"Weak",IF(AND(Table11[[#This Row],[Strength]]="BAL",Table11[[#This Row],[Direction]]="M"),"BAL",""))))) | U45: =IF(AND(Table11[[#This Row],[Hash]]="R",Table11[[#This Row],[Direction]]="L"),"Field",IF(AND(Table11[[#This Row],[Hash]]="L",Table11[[#This Row],[Direction]]="R"),"Field",IF(AND(Table11[[#This Row],[Hash]]="R",Table11[[#This Row],[Direction]]="R"),"Boundry",IF(AND(Table11[[#This Row],[Hash]]="L",Table11[[#This Row],[Direction]]="L"),"Boundry","")))) -> Field | V45: =IF(AND(Table11[[#This Row],[Down]]=1,Table11[[#This Row],[Distance]]>9),"01: 1st & 10+",IF(AND(Table11[[#This Row],[Down]]=1,Table11[[#This Row],[Distance]]<10),"02: 1st & < 10",IF(AND(Table11[[#This Row],[Down]]=2,Table11[[#This Row],[Distance]]>7),"03: 2nd & 8+",IF(AND(Table11[[#This Row],[Down]]=2,Table11[[#This Row],[Distance]]>3,Table11[[#This Row],[Distance]]<8),"04: 2nd & 4 - 7",IF(AND(Table11[[#This Row],[Down]]=2,Table11[[#This Row],[Distance]]<4),"05: 2nd & < 4",IF(AND(Table11[[#This Row],[Down]]=3,Table11[[#This Row],[Distance]]>7),"06: 3rd & 8+",IF(AND(Table11[[#This Row],[Down]]=3,Table11[[#This Row],[Distance]]>3,Table11[[#This Row],[Distance]]<8),"07: 3rd & 4 - 7",IF(AND(Table11[[#This Row],[Down]]=3,Table11[[#This Row],[Distance]]<4),"08: 3rd & < 4",IF(AND(Table11[[#This Row],[Down]]=4,Table11[[#This Row],[Distance]]>1),"09: 4th & 2+",IF(AND(Table11[[#This Row],[Down]]=4,Table11[[#This Row],[Distance]]<2),"10: 4th & < 2"," ")))))))))) -> 06: 3rd & 8+ | W45: =IF(AND(Table11[[#This Row],[Yard Line]]>-21,Table11[[#This Row],[Yard Line]]<-1),"0-20",IF(AND(Table11[[#This Row],[Yard Line]]>-50,Table11[[#This Row],[Yard Line]]<-20),"21-49",IF(AND(Table11[[#This Row],[Yard Line]]<51,Table11[[#This Row],[Yard Line]]>20),"50-21",IF(AND(Table11[[#This Row],[Yard Line]]<21,Table11[[#This Row],[Yard Line]]>2),"Red Zone",IF(Table11[[#This Row],[Yard Line]]<3,"Goal Line",""))))) -> 21-49
A46: 99 | B46: 1 | C46: 1 | D46: 10 | E46: -40 | F46: 13 | G46: L | J46: Run | K46: R | L46: B | M46: 1 | P46: =Table11[[#This Row],[Gain/Loss]] -> 13 | Q46: =IF(Table11[[#This Row],[Direction]]="L",0.5,IF(Table11[[#This Row],[Direction]]="M",1.5,2.5)) -> 2.5 | R46: =IF(Table11[[#This Row],[Direction]]="R","Right",IF(Table11[[#This Row],[Direction]]="L","Left","Middle")) -> Right | S46: =IF(Table11[[#This Row],[Pass Zone]]="S",0.5,IF(Table11[[#This Row],[Pass Zone]]="M",1.5,2.5)) -> 2.5 | T46: =IF(AND(Table11[[#This Row],[Direction]]="R",Table11[[#This Row],[Strength]]="R"),"Strong",IF(AND(Table11[[#This Row],[Direction]]="L",Table11[[#This Row],[Strength]]="L"),"Strong",IF(AND(Table11[[#This Row],[Direction]]="R",Table11[[#This Row],[Strength]]="L"),"Weak",IF(AND(Table11[[#This Row],[Direction]]="L",Table11[[#This Row],[Strength]]="R"),"Weak",IF(AND(Table11[[#This Row],[Strength]]="BAL",Table11[[#This Row],[Direction]]="M"),"BAL",""))))) | U46: =IF(AND(Table11[[#This Row],[Hash]]="R",Table11[[#This Row],[Direction]]="L"),"Field",IF(AND(Table11[[#This Row],[Hash]]="L",Table11[[#This Row],[Direction]]="R"),"Field",IF(AND(Table11[[#This Row],[Hash]]="R",Table11[[#This Row],[Direction]]="R"),"Boundry",IF(AND(Table11[[#This Row],[Hash]]="L",Table11[[#This Row],[Direction]]="L"),"Boundry","")))) -> Field | V46: =IF(AND(Table11[[#This Row],[Down]]=1,Table11[[#This Row],[Distance]]>9),"01: 1st & 10+",IF(AND(Table11[[#This Row],[Down]]=1,Table11[[#This Row],[Distance]]<10),"02: 1st & < 10",IF(AND(Table11[[#This Row],[Down]]=2,Table11[[#This Row],[Distance]]>7),"03: 2nd & 8+",IF(AND(Table11[[#This Row],[Down]]=2,Table11[[#This Row],[Distance]]>3,Table11[[#This Row],[Distance]]<8),"04: 2nd & 4 - 7",IF(AND(Table11[[#This Row],[Down]]=2,Table11[[#This Row],[Distance]]<4),"05: 2nd & < 4",IF(AND(Table11[[#This Row],[Down]]=3,Table11[[#This Row],[Distance]]>7),"06: 3rd & 8+",IF(AND(Table11[[#This Row],[Down]]=3,Table11[[#This Row],[Distance]]>3,Table11[[#This Row],[Distance]]<8),"07: 3rd & 4 - 7",IF(AND(Table11[[#This Row],[Down]]=3,Table11[[#This Row],[Distance]]<4),"08: 3rd & < 4",IF(AND(Table11[[#This Row],[Down]]=4,Table11[[#This Row],[Distance]]>1),"09: 4th & 2+",IF(AND(Table11[[#This Row],[Down]]=4,Table11[[#This Row],[Distance]]<2),"10: 4th & < 2"," ")))))))))) -> 01: 1st & 10+ | W46: =IF(AND(Table11[[#This Row],[Yard Line]]>-21,Table11[[#This Row],[Yard Line]]<-1),"0-20",IF(AND(Table11[[#This Row],[Yard Line]]>-50,Table11[[#This Row],[Yard Line]]<-20),"21-49",IF(AND(Table11[[#This Row],[Yard Line]]<51,Table11[[#This Row],[Yard Line]]>20),"50-21",IF(AND(Table11[[#This Row],[Yard Line]]<21,Table11[[#This Row],[Yard Line]]>2),"Red Zone",IF(Table11[[#This Row],[Yard Line]]<3,"Goal Line",""))))) -> 21-49
A47: 100 | B47: 1 | C47: 1 | D47: 10 | E47: 47 | F47: 4 | G47: R | J47: Run | K47: L | L47: B | M47: 1 | P47: =Table11[[#This Row],[Gain/Loss]] -> 4 | Q47: =IF(Table11[[#This Row],[Direction]]="L",0.5,IF(Table11[[#This Row],[Direction]]="M",1.5,2.5)) -> 0.5 | R47: =IF(Table11[[#This Row],[Direction]]="R","Right",IF(Table11[[#This Row],[Direction]]="L","Left","Middle")) -> Left | S47: =IF(Table11[[#This Row],[Pass Zone]]="S",0.5,IF(Table11[[#This Row],[Pass Zone]]="M",1.5,2.5)) -> 2.5 | T47: =IF(AND(Table11[[#This Row],[Direction]]="R",Table11[[#This Row],[Strength]]="R"),"Strong",IF(AND(Table11[[#This Row],[Direction]]="L",Table11[[#This Row],[Strength]]="L"),"Strong",IF(AND(Table11[[#This Row],[Direction]]="R",Table11[[#This Row],[Strength]]="L"),"Weak",IF(AND(Table11[[#This Row],[Direction]]="L",Table11[[#This Row],[Strength]]="R"),"Weak",IF(AND(Table11[[#This Row],[Strength]]="BAL",Table11[[#This Row],[Direction]]="M"),"BAL",""))))) | U47: =IF(AND(Table11[[#This Row],[Hash]]="R",Table11[[#This Row],[Direction]]="L"),"Field",IF(AND(Table11[[#This Row],[Hash]]="L",Table11[[#This Row],[Direction]]="R"),"Field",IF(AND(Table11[[#This Row],[Hash]]="R",Table11[[#This Row],[Direction]]="R"),"Boundry",IF(AND(Table11[[#This Row],[Hash]]="L",Table11[[#This Row],[Direction]]="L"),"Boundry","")))) -> Field | V47: =IF(AND(Table11[[#This Row],[Down]]=1,Table11[[#This Row],[Distance]]>9),"01: 1st & 10+",IF(AND(Table11[[#This Row],[Down]]=1,Table11[[#This Row],[Distance]]<10),"02: 1st & < 10",IF(AND(Table11[[#This Row],[Down]]=2,Table11[[#This Row],[Distance]]>7),"03: 2nd & 8+",IF(AND(Table11[[#This Row],[Down]]=2,Table11[[#This Row],[Distance]]>3,Table11[[#This Row],[Distance]]<8),"04: 2nd & 4 - 7",IF(AND(Table11[[#This Row],[Down]]=2,Table11[[#This Row],[Distance]]<4),"05: 2nd & < 4",IF(AND(Table11[[#This Row],[Down]]=3,Table11[[#This Row],[Distance]]>7),"06: 3rd & 8+",IF(AND(Table11[[#This Row],[Down]]=3,Table11[[#This Row],[Distance]]>3,Table11[[#This Row],[Distance]]<8),"07: 3rd & 4 - 7",IF(AND(Table11[[#This Row],[Down]]=3,Table11[[#This Row],[Distance]]<4),"08: 3rd & < 4",IF(AND(Table11[[#This Row],[Down]]=4,Table11[[#This Row],[Distance]]>1),"09: 4th & 2+",IF(AND(Table11[[#This Row],[Down]]=4,Table11[[#This Row],[Distance]]<2),"10: 4th & < 2"," ")))))))))) -> 01: 1st & 10+ | W47: =IF(AND(Table11[[#This Row],[Yard Line]]>-21,Table11[[#This Row],[Yard Line]]<-1),"0-20",IF(AND(Table11[[#This Row],[Yard Line]]>-50,Table11[[#This Row],[Yard Line]]<-20),"21-49",IF(AND(Table11[[#This Row],[Yard Line]]<51,Table11[[#This Row],[Yard Line]]>20),"50-21",IF(AND(Table11[[#This Row],[Yard Line]]<21,Table11[[#This Row],[Yard Line]]>2),"Red Zone",IF(Table11[[#This Row],[Yard Line]]<3,"Goal Line",""))))) -> 50-21
A48: 101 | B48: 2 | C48: 2 | D48: 6 | E48: 43 | F48: 13 | G48: L | J48: Run | K48: R | L48: B | M48: 1 | P48: =Table11[[#This Row],[Gain/Loss]] -> 13 | Q48: =IF(Table11[[#This Row],[Direction]]="L",0.5,IF(Table11[[#This Row],[Direction]]="M",1.5,2.5)) -> 2.5 | R48: =IF(Table11[[#This Row],[Direction]]="R","Right",IF(Table11[[#This Row],[Direction]]="L","Left","Middle")) -> Right | S48: =IF(Table11[[#This Row],[Pass Zone]]="S",0.5,IF(Table11[[#This Row],[Pass Zone]]="M",1.5,2.5)) -> 2.5 | T48: =IF(AND(Table11[[#This Row],[Direction]]="R",Table11[[#This Row],[Strength]]="R"),"Strong",IF(AND(Table11[[#This Row],[Direction]]="L",Table11[[#This Row],[Strength]]="L"),"Strong",IF(AND(Table11[[#This Row],[Direction]]="R",Table11[[#This Row],[Strength]]="L"),"Weak",IF(AND(Table11[[#This Row],[Direction]]="L",Table11[[#This Row],[Strength]]="R"),"Weak",IF(AND(Table11[[#This Row],[Strength]]="BAL",Table11[[#This Row],[Direction]]="M"),"BAL",""))))) | U48: =IF(AND(Table11[[#This Row],[Hash]]="R",Table11[[#This Row],[Direction]]="L"),"Field",IF(AND(Table11[[#This Row],[Hash]]="L",Table11[[#This Row],[Direction]]="R"),"Field",IF(AND(Table11[[#This Row],[Hash]]="R",Table11[[#This Row],[Direction]]="R"),"Boundry",IF(AND(Table11[[#This Row],[Hash]]="L",Table11[[#This Row],[Direction]]="L"),"Boundry","")))) -> Field | V48: =IF(AND(Table11[[#This Row],[Down]]=1,Table11[[#This Row],[Distance]]>9),"01: 1st & 10+",IF(AND(Table11[[#This Row],[Down]]=1,Table11[[#This Row],[Distance]]<10),"02: 1st & < 10",IF(AND(Table11[[#This Row],[Down]]=2,Table11[[#This Row],[Distance]]>7),"03: 2nd & 8+",IF(AND(Table11[[#This Row],[Down]]=2,Table11[[#This Row],[Distance]]>3,Table11[[#This Row],[Distance]]<8),"04: 2nd & 4 - 7",IF(AND(Table11[[#This Row],[Down]]=2,Table11[[#This Row],[Distance]]<4),"05: 2nd & < 4",IF(AND(Table11[[#This Row],[Down]]=3,Table11[[#This Row],[Distance]]>7),"06: 3rd & 8+",IF(AND(Table11[[#This Row],[Down]]=3,Table11[[#This Row],[Distance]]>3,Table11[[#This Row],[Distance]]<8),"07: 3rd & 4 - 7",IF(AND(Table11[[#This Row],[Down]]=3,Table11[[#This Row],[Distance]]<4),"08: 3rd & < 4",IF(AND(Table11[[#This Row],[Down]]=4,Table11[[#This Row],[Distance]]>1),"09: 4th & 2+",IF(AND(Table11[[#This Row],[Down]]=4,Table11[[#This Row],[Distance]]<2),"10: 4th & < 2"," ")))))))))) -> 04: 2nd & 4 - 7 | W48: =IF(AND(Table11[[#This Row],[Yard Line]]>-21,Table11[[#This Row],[Yard Line]]<-1),"0-20",IF(AND(Table11[[#This Row],[Yard Line]]>-50,Table11[[#This Row],[Yard Line]]<-20),"21-49",IF(AND(Table11[[#This Row],[Yard Line]]<51,Table11[[#This Row],[Yard Line]]>20),"50-21",IF(AND(Table11[[#This Row],[Yard Line]]<21,Table11[[#This Row],[Yard Line]]>2),"Red Zone",IF(Table11[[#This Row],[Yard Line]]<3,"Goal Line",""))))) -> 50-21
A49: 102 | B49: 1 | C49: 1 | D49: 10 | E49: 30 | F49: -1 | G49: R | J49: Run | K49: R | L49: B | M49: 1 | P49: =Table11[[#This Row],[Gain/Loss]] -> -1 | Q49: =IF(Table11[[#This Row],[Direction]]="L",0.5,IF(Table11[[#This Row],[Direction]]="M",1.5,2.5)) -> 2.5 | R49: =IF(Table11[[#This Row],[Direction]]="R","Right",IF(Table11[[#This Row],[Direction]]="L","Left","Middle")) -> Right | S49: =IF(Table11[[#This Row],[Pass Zone]]="S",0.5,IF(Table11[[#This Row],[Pass Zone]]="M",1.5,2.5)) -> 2.5 | T49: =IF(AND(Table11[[#This Row],[Direction]]="R",Table11[[#This Row],[Strength]]="R"),"Strong",IF(AND(Table11[[#This Row],[Direction]]="L",Table11[[#This Row],[Strength]]="L"),"Strong",IF(AND(Table11[[#This Row],[Direction]]="R",Table11[[#This Row],[Strength]]="L"),"Weak",IF(AND(Table11[[#This Row],[Direction]]="L",Table11[[#This Row],[Strength]]="R"),"Weak",IF(AND(Table11[[#This Row],[Strength]]="BAL",Table11[[#This Row],[Direction]]="M"),"BAL",""))))) | U49: =IF(AND(Table11[[#This Row],[Hash]]="R",Table11[[#This Row],[Direction]]="L"),"Field",IF(AND(Table11[[#This Row],[Hash]]="L",Table11[[#This Row],[Direction]]="R"),"Field",IF(AND(Table11[[#This Row],[Hash]]="R",Table11[[#This Row],[Direction]]="R"),"Boundry",IF(AND(Table11[[#This Row],[Hash]]="L",Table11[[#This Row],[Direction]]="L"),"Boundry","")))) -> Boundry | V49: =IF(AND(Table11[[#This Row],[Down]]=1,Table11[[#This Row],[Distance]]>9),"01: 1st & 10+",IF(AND(Table11[[#This Row],[Down]]=1,Table11[[#This Row],[Distance]]<10),"02: 1st & < 10",IF(AND(Table11[[#This Row],[Down]]=2,Table11[[#This Row],[Distance]]>7),"03: 2nd & 8+",IF(AND(Table11[[#This Row],[Down]]=2,Table11[[#This Row],[Distance]]>3,Table11[[#This Row],[Distance]]<8),"04: 2nd & 4 - 7",IF(AND(Table11[[#This Row],[Down]]=2,Table11[[#This Row],[Distance]]<4),"05: 2nd & < 4",IF(AND(Table11[[#This Row],[Down]]=3,Table11[[#This Row],[Distance]]>7),"06: 3rd & 8+",IF(AND(Table11[[#This Row],[Down]]=3,Table11[[#This Row],[Distance]]>3,Table11[[#This Row],[Distance]]<8),"07: 3rd & 4 - 7",IF(AND(Table11[[#This Row],[Down]]=3,Table11[[#This Row],[Distance]]<4),"08: 3rd & < 4",IF(AND(Table11[[#This Row],[Down]]=4,Table11[[#This Row],[Distance]]>1),"09: 4th & 2+",IF(AND(Table11[[#This Row],[Down]]=4,Table11[[#This Row],[Distance]]<2),"10: 4th & < 2"," ")))))))))) -> 01: 1st & 10+ | W49: =IF(AND(Table11[[#This Row],[Yard Line]]>-21,Table11[[#This Row],[Yard Line]]<-1),"0-20",IF(AND(Table11[[#This Row],[Yard Line]]>-50,Table11[[#This Row],[Yard Line]]<-20),"21-49",IF(AND(Table11[[#This Row],[Yard Line]]<51,Table11[[#This Row],[Yard Line]]>20),"50-21",IF(AND(Table11[[#This Row],[Yard Line]]<21,Table11[[#This Row],[Yard Line]]>2),"Red Zone",IF(Table11[[#This Row],[Yard Line]]<3,"Goal Line",""))))) -> 50-21
A50: 103 | B50: 2 | C50: 2 | D50: 11 | E50: 31 | F50: 0 | G50: R | J50: Run | K50: R | L50: B | M50: 1 | P50: =Table11[[#This Row],[Gain/Loss]] -> 0 | Q50: =IF(Table11[[#This Row],[Direction]]="L",0.5,IF(Table11[[#This Row],[Direction]]="M",1.5,2.5)) -> 2.5 | R50: =IF(Table11[[#This Row],[Direction]]="R","Right",IF(Table11[[#This Row],[Direction]]="L","Left","Middle")) -> Right | S50: =IF(Table11[[#This Row],[Pass Zone]]="S",0.5,IF(Table11[[#This Row],[Pass Zone]]="M",1.5,2.5)) -> 2.5 | T50: =IF(AND(Table11[[#This Row],[Direction]]="R",Table11[[#This Row],[Strength]]="R"),"Strong",IF(AND(Table11[[#This Row],[Direction]]="L",Table11[[#This Row],[Strength]]="L"),"Strong",IF(AND(Table11[[#This Row],[Direction]]="R",Table11[[#This Row],[Strength]]="L"),"Weak",IF(AND(Table11[[#This Row],[Direction]]="L",Table11[[#This Row],[Strength]]="R"),"Weak",IF(AND(Table11[[#This Row],[Strength]]="BAL",Table11[[#This Row],[Direction]]="M"),"BAL",""))))) | U50: =IF(AND(Table11[[#This Row],[Hash]]="R",Table11[[#This Row],[Direction]]="L"),"Field",IF(AND(Table11[[#This Row],[Hash]]="L",Table11[[#This Row],[Direction]]="R"),"Field",IF(AND(Table11[[#This Row],[Hash]]="R",Table11[[#This Row],[Direction]]="R"),"Boundry",IF(AND(Table11[[#This Row],[Hash]]="L",Table11[[#This Row],[Direction]]="L"),"Boundry","")))) -> Boundry | V50: =IF(AND(Table11[[#This Row],[Down]]=1,Table11[[#This Row],[Distance]]>9),"01: 1st & 10+",IF(AND(Table11[[#This Row],[Down]]=1,Table11[[#This Row],[Distance]]<10),"02: 1st & < 10",IF(AND(Table11[[#This Row],[Down]]=2,Table11[[#This Row],[Distance]]>7),"03: 2nd & 8+",IF(AND(Table11[[#This Row],[Down]]=2,Table11[[#This Row],[Distance]]>3,Table11[[#This Row],[Distance]]<8),"04: 2nd & 4 - 7",IF(AND(Table11[[#This Row],[Down]]=2,Table11[[#This Row],[Distance]]<4),"05: 2nd & < 4",IF(AND(Table11[[#This Row],[Down]]=3,Table11[[#This Row],[Distance]]>7),"06: 3rd & 8+",IF(AND(Table11[[#This Row],[Down]]=3,Table11[[#This Row],[Distance]]>3,Table11[[#This Row],[Distance]]<8),"07: 3rd & 4 - 7",IF(AND(Table11[[#This Row],[Down]]=3,Table11[[#This Row],[Distance]]<4),"08: 3rd & < 4",IF(AND(Table11[[#This Row],[Down]]=4,Table11[[#This Row],[Distance]]>1),"09: 4th & 2+",IF(AND(Table11[[#This Row],[Down]]=4,Table11[[#This Row],[Distance]]<2),"10: 4th & < 2"," ")))))))))) -> 03: 2nd & 8+ | W50: =IF(AND(Table11[[#This Row],[Yard Line]]>-21,Table11[[#This Row],[Yard Line]]<-1),"0-20",IF(AND(Table11[[#This Row],[Yard Line]]>-50,Table11[[#This Row],[Yard Line]]<-20),"21-49",IF(AND(Table11[[#This Row],[Yard Line]]<51,Table11[[#This Row],[Yard Line]]>20),"50-21",IF(AND(Table11[[#This Row],[Yard Line]]<21,Table11[[#This Row],[Yard Line]]>2),"Red Zone",IF(Table11[[#This Row],[Yard Line]]<3,"Goal Line",""))))) -> 50-21
A51: 105 | B51: 1 | C51: 1 | D51: 10 | E51: 31 | F51: 9 | G51: R | J51: Run | K51: R | L51: B | M51: 1 | P51: =Table11[[#This Row],[Gain/Loss]] -> 9 | Q51: =IF(Table11[[#This Row],[Direction]]="L",0.5,IF(Table11[[#This Row],[Direction]]="M",1.5,2.5)) -> 2.5 | R51: =IF(Table11[[#This Row],[Direction]]="R","Right",IF(Table11[[#This Row],[Direction]]="L","Left","Middle")) -> Right | S51: =IF(Table11[[#This Row],[Pass Zone]]="S",0.5,IF(Table11[[#This Row],[Pass Zone]]="M",1.5,2.5)) -> 2.5 | T51: =IF(AND(Table11[[#This Row],[Direction]]="R",Table11[[#This Row],[Strength]]="R"),"Strong",IF(AND(Table11[[#This Row],[Direction]]="L",Table11[[#This Row],[Strength]]="L"),"Strong",IF(AND(Table11[[#This Row],[Direction]]="R",Table11[[#This Row],[Strength]]="L"),"Weak",IF(AND(Table11[[#This Row],[Direction]]="L",Table11[[#This Row],[Strength]]="R"),"Weak",IF(AND(Table11[[#This Row],[Strength]]="BAL",Table11[[#This Row],[Direction]]="M"),"BAL",""))))) | U51: =IF(AND(Table11[[#This Row],[Hash]]="R",Table11[[#This Row],[Direction]]="L"),"Field",IF(AND(Table11[[#This Row],[Hash]]="L",Table11[[#This Row],[Direction]]="R"),"Field",IF(AND(Table11[[#This Row],[Hash]]="R",Table11[[#This Row],[Direction]]="R"),"Boundry",IF(AND(Table11[[#This Row],[Hash]]="L",Table11[[#This Row],[Direction]]="L"),"Boundry","")))) -> Boundry | V51: =IF(AND(Table11[[#This Row],[Down]]=1,Table11[[#This Row],[Distance]]>9),"01: 1st & 10+",IF(AND(Table11[[#This Row],[Down]]=1,Table11[[#This Row],[Distance]]<10),"02: 1st & < 10",IF(AND(Table11[[#This Row],[Down]]=2,Table11[[#This Row],[Distance]]>7),"03: 2nd & 8+",IF(AND(Table11[[#This Row],[Down]]=2,Table11[[#This Row],[Distance]]>3,Table11[[#This Row],[Distance]]<8),"04: 2nd & 4 - 7",IF(AND(Table11[[#This Row],[Down]]=2,Table11[[#This Row],[Distance]]<4),"05: 2nd & < 4",IF(AND(Table11[[#This Row],[Down]]=3,Table11[[#This Row],[Distance]]>7),"06: 3rd & 8+",IF(AND(Table11[[#This Row],[Down]]=3,Table11[[#This Row],[Distance]]>3,Table11[[#This Row],[Distance]]<8),"07: 3rd & 4 - 7",IF(AND(Table11[[#This Row],[Down]]=3,Table11[[#This Row],[Distance]]<4),"08: 3rd & < 4",IF(AND(Table11[[#This Row],[Down]]=4,Table11[[#This Row],[Distance]]>1),"09: 4th & 2+",IF(AND(Table11[[#This Row],[Down]]=4,Table11[[#This Row],[Distance]]<2),"10: 4th & < 2"," ")))))))))) -> 01: 1st & 10+ | W51: =IF(AND(Table11[[#This Row],[Yard Line]]>-21,Table11[[#This Row],[Yard Line]]<-1),"0-20",IF(AND(Table11[[#This Row],[Yard Line]]>-50,Table11[[#This Row],[Yard Line]]<-20),"21-49",IF(AND(Table11[[#This Row],[Yard Line]]<51,Table11[[#This Row],[Yard Line]]>20),"50-21",IF(AND(Table11[[#This Row],[Yard Line]]<21,Table11[[#This Row],[Yard Line]]>2),"Red Zone",IF(Table11[[#This Row],[Yard Line]]<3,"Goal Line",""))))) -> 50-21
... A54: 109 | B54: 2 | C54: 2 | D54: 5 | E54: 5 | F54: 5 | G54: M | J54: Run | K54: L | L54: B | M54: 1 | P54: =Table11[[#This Row],[Gain/Loss]] -> 5 | Q54: =IF(Table11[[#This Row],[Direction]]="L",0.5,IF(Table11[[#This Row],[Direction]]="M",1.5,2.5)) -> 0.5 | R54: =IF(Table11[[#This Row],[Direction]]="R","Right",IF(Table11[[#This Row],[Direction]]="L","Left","Middle")) -> Left | S54: =IF(Table11[[#This Row],[Pass Zone]]="S",0.5,IF(Table11[[#This Row],[Pass Zone]]="M",1.5,2.5)) -> 2.5 | T54: =IF(AND(Table11[[#This Row],[Direction]]="R",Table11[[#This Row],[Strength]]="R"),"Strong",IF(AND(Table11[[#This Row],[Direction]]="L",Table11[[#This Row],[Strength]]="L"),"Strong",IF(AND(Table11[[#This Row],[Direction]]="R",Table11[[#This Row],[Strength]]="L"),"Weak",IF(AND(Table11[[#This Row],[Direction]]="L",Table11[[#This Row],[Strength]]="R"),"Weak",IF(AND(Table11[[#This Row],[Strength]]="BAL",Table11[[#This Row],[Direction]]="M"),"BAL",""))))) | U54: =IF(AND(Table11[[#This Row],[Hash]]="R",Table11[[#This Row],[Direction]]="L"),"Field",IF(AND(Table11[[#This Row],[Hash]]="L",Table11[[#This Row],[Direction]]="R"),"Field",IF(AND(Table11[[#This Row],[Hash]]="R",Table11[[#This Row],[Direction]]="R"),"Boundry",IF(AND(Table11[[#This Row],[Hash]]="L",Table11[[#This Row],[Direction]]="L"),"Boundry","")))) | V54: =IF(AND(Table11[[#This Row],[Down]]=1,Table11[[#This Row],[Distance]]>9),"01: 1st & 10+",IF(AND(Table11[[#This Row],[Down]]=1,Table11[[#This Row],[Distance]]<10),"02: 1st & < 10",IF(AND(Table11[[#This Row],[Down]]=2,Table11[[#This Row],[Distance]]>7),"03: 2nd & 8+",IF(AND(Table11[[#This Row],[Down]]=2,Table11[[#This Row],[Distance]]>3,Table11[[#This Row],[Distance]]<8),"04: 2nd & 4 - 7",IF(AND(Table11[[#This Row],[Down]]=2,Table11[[#This Row],[Distance]]<4),"05: 2nd & < 4",IF(AND(Table11[[#This Row],[Down]]=3,Table11[[#This Row],[Distance]]>7),"06: 3rd & 8+",IF(AND(Table11[[#This Row],[Down]]=3,Table11[[#This Row],[Distance]]>3,Table11[[#This Row],[Distance]]<8),"07: 3rd & 4 - 7",IF(AND(Table11[[#This Row],[Down]]=3,Table11[[#This Row],[Distance]]<4),"08: 3rd & < 4",IF(AND(Table11[[#This Row],[Down]]=4,Table11[[#This Row],[Distance]]>1),"09: 4th & 2+",IF(AND(Table11[[#This Row],[Down]]=4,Table11[[#This Row],[Distance]]<2),"10: 4th & < 2"," ")))))))))) -> 04: 2nd & 4 - 7 | W54: =IF(AND(Table11[[#This Row],[Yard Line]]>-21,Table11[[#This Row],[Yard Line]]<-1),"0-20",IF(AND(Table11[[#This Row],[Yard Line]]>-50,Table11[[#This Row],[Yard Line]]<-20),"21-49",IF(AND(Table11[[#This Row],[Yard Line]]<51,Table11[[#This Row],[Yard Line]]>20),"50-21",IF(AND(Table11[[#This Row],[Yard Line]]<21,Table11[[#This Row],[Yard Line]]>2),"Red Zone",IF(Table11[[#This Row],[Yard Line]]<3,"Goal Line",""))))) -> Red Zone
A55: 122 | B55: 1 | C55: 1 | D55: 10 | E55: -1 | F55: 0 | G55: L | J55: Pass | K55: R | M55: 1 | N55: 0 | P55: =Table11[[#This Row],[Gain/Loss]] -> 0 | Q55: =IF(Table11[[#This Row],[Direction]]="L",0.5,IF(Table11[[#This Row],[Direction]]="M",1.5,2.5)) -> 2.5 | R55: =IF(Table11[[#This Row],[Direction]]="R","Right",IF(Table11[[#This Row],[Direction]]="L","Left","Middle")) -> Right | S55: =IF(Table11[[#This Row],[Pass Zone]]="S",0.5,IF(Table11[[#This Row],[Pass Zone]]="M",1.5,2.5)) -> 2.5 | T55: =IF(AND(Table11[[#This Row],[Direction]]="R",Table11[[#This Row],[Strength]]="R"),"Strong",IF(AND(Table11[[#This Row],[Direction]]="L",Table11[[#This Row],[Strength]]="L"),"Strong",IF(AND(Table11[[#This Row],[Direction]]="R",Table11[[#This Row],[Strength]]="L"),"Weak",IF(AND(Table11[[#This Row],[Direction]]="L",Table11[[#This Row],[Strength]]="R"),"Weak",IF(AND(Table11[[#This Row],[Strength]]="BAL",Table11[[#This Row],[Direction]]="M"),"BAL",""))))) | U55: =IF(AND(Table11[[#This Row],[Hash]]="R",Table11[[#This Row],[Direction]]="L"),"Field",IF(AND(Table11[[#This Row],[Hash]]="L",Table11[[#This Row],[Direction]]="R"),"Field",IF(AND(Table11[[#This Row],[Hash]]="R",Table11[[#This Row],[Direction]]="R"),"Boundry",IF(AND(Table11[[#This Row],[Hash]]="L",Table11[[#This Row],[Direction]]="L"),"Boundry","")))) -> Field | V55: =IF(AND(Table11[[#This Row],[Down]]=1,Table11[[#This Row],[Distance]]>9),"01: 1st & 10+",IF(AND(Table11[[#This Row],[Down]]=1,Table11[[#This Row],[Distance]]<10),"02: 1st & < 10",IF(AND(Table11[[#This Row],[Down]]=2,Table11[[#This Row],[Distance]]>7),"03: 2nd & 8+",IF(AND(Table11[[#This Row],[Down]]=2,Table11[[#This Row],[Distance]]>3,Table11[[#This Row],[Distance]]<8),"04: 2nd & 4 - 7",IF(AND(Table11[[#This Row],[Down]]=2,Table11[[#This Row],[Distance]]<4),"05: 2nd & < 4",IF(AND(Table11[[#This Row],[Down]]=3,Table11[[#This Row],[Distance]]>7),"06: 3rd & 8+",IF(AND(Table11[[#This Row],[Down]]=3,Table11[[#This Row],[Distance]]>3,Table11[[#This Row],[Distance]]<8),"07: 3rd & 4 - 7",IF(AND(Table11[[#This Row],[Down]]=3,Table11[[#This Row],[Distance]]<4),"08: 3rd & < 4",IF(AND(Table11[[#This Row],[Down]]=4,Table11[[#This Row],[Distance]]>1),"09: 4th & 2+",IF(AND(Table11[[#This Row],[Down]]=4,Table11[[#This Row],[Distance]]<2),"10: 4th & < 2"," ")))))))))) -> 01: 1st & 10+ | W55: =IF(AND(Table11[[#This Row],[Yard Line]]>-21,Table11[[#This Row],[Yard Line]]<-1),"0-20",IF(AND(Table11[[#This Row],[Yard Line]]>-50,Table11[[#This Row],[Yard Line]]<-20),"21-49",IF(AND(Table11[[#This Row],[Yard Line]]<51,Table11[[#This Row],[Yard Line]]>20),"50-21",IF(AND(Table11[[#This Row],[Yard Line]]<21,Table11[[#This Row],[Yard Line]]>2),"Red Zone",IF(Table11[[#This Row],[Yard Line]]<3,"Goal Line",""))))) -> Goal Line
A56: 123 | B56: 2 | C56: 2 | D56: 10 | E56: -1 | F56: 1 | G56: L | J56: Run | K56: R | L56: B | M56: 1 | P56: =Table11[[#This Row],[Gain/Loss]] -> 1 | Q56: =IF(Table11[[#This Row],[Direction]]="L",0.5,IF(Table11[[#This Row],[Direction]]="M",1.5,2.5)) -> 2.5 | R56: =IF(Table11[[#This Row],[Direction]]="R","Right",IF(Table11[[#This Row],[Direction]]="L","Left","Middle")) -> Right | S56: =IF(Table11[[#This Row],[Pass Zone]]="S",0.5,IF(Table11[[#This Row],[Pass Zone]]="M",1.5,2.5)) -> 2.5 | T56: =IF(AND(Table11[[#This Row],[Direction]]="R",Table11[[#This Row],[Strength]]="R"),"Strong",IF(AND(Table11[[#This Row],[Direction]]="L",Table11[[#This Row],[Strength]]="L"),"Strong",IF(AND(Table11[[#This Row],[Direction]]="R",Table11[[#This Row],[Strength]]="L"),"Weak",IF(AND(Table11[[#This Row],[Direction]]="L",Table11[[#This Row],[Strength]]="R"),"Weak",IF(AND(Table11[[#This Row],[Strength]]="BAL",Table11[[#This Row],[Direction]]="M"),"BAL",""))))) | U56: =IF(AND(Table11[[#This Row],[Hash]]="R",Table11[[#This Row],[Direction]]="L"),"Field",IF(AND(Table11[[#This Row],[Hash]]="L",Table11[[#This Row],[Direction]]="R"),"Field",IF(AND(Table11[[#This Row],[Hash]]="R",Table11[[#This Row],[Direction]]="R"),"Boundry",IF(AND(Table11[[#This Row],[Hash]]="L",Table11[[#This Row],[Direction]]="L"),"Boundry","")))) -> Field | V56: =IF(AND(Table11[[#This Row],[Down]]=1,Table11[[#This Row],[Distance]]>9),"01: 1st & 10+",IF(AND(Table11[[#This Row],[Down]]=1,Table11[[#This Row],[Distance]]<10),"02: 1st & < 10",IF(AND(Table11[[#This Row],[Down]]=2,Table11[[#This Row],[Distance]]>7),"03: 2nd & 8+",IF(AND(Table11[[#This Row],[Down]]=2,Table11[[#This Row],[Distance]]>3,Table11[[#This Row],[Distance]]<8),"04: 2nd & 4 - 7",IF(AND(Table11[[#This Row],[Down]]=2,Table11[[#This Row],[Distance]]<4),"05: 2nd & < 4",IF(AND(Table11[[#This Row],[Down]]=3,Table11[[#This Row],[Distance]]>7),"06: 3rd & 8+",IF(AND(Table11[[#This Row],[Down]]=3,Table11[[#This Row],[Distance]]>3,Table11[[#This Row],[Distance]]<8),"07: 3rd & 4 - 7",IF(AND(Table11[[#This Row],[Down]]=3,Table11[[#This Row],[Distance]]<4),"08: 3rd & < 4",IF(AND(Table11[[#This Row],[Down]]=4,Table11[[#This Row],[Distance]]>1),"09: 4th & 2+",IF(AND(Table11[[#This Row],[Down]]=4,Table11[[#This Row],[Distance]]<2),"10: 4th & < 2"," ")))))))))) -> 03: 2nd & 8+ | W56: =IF(AND(Table11[[#This Row],[Yard Line]]>-21,Table11[[#This Row],[Yard Line]]<-1),"0-20",IF(AND(Table11[[#This Row],[Yard Line]]>-50,Table11[[#This Row],[Yard Line]]<-20),"21-49",IF(AND(Table11[[#This Row],[Yard Line]]<51,Table11[[#This Row],[Yard Line]]>20),"50-21",IF(AND(Table11[[#This Row],[Yard Line]]<21,Table11[[#This Row],[Yard Line]]>2),"Red Zone",IF(Table11[[#This Row],[Yard Line]]<3,"Goal Line",""))))) -> Goal Line
A57: 129 | B57: 1 | C57: 1 | D57: 10 | E57: 10 | F57: 4 | G57: R | J57: Run | K57: L | L57: B | M57: 1 | P57: =Table11[[#This Row],[Gain/Loss]] -> 4 | Q57: =IF(Table11[[#This Row],[Direction]]="L",0.5,IF(Table11[[#This Row],[Direction]]="M",1.5,2.5)) -> 0.5 | R57: =IF(Table11[[#This Row],[Direction]]="R","Right",IF(Table11[[#This Row],[Direction]]="L","Left","Middle")) -> Left | S57: =IF(Table11[[#This Row],[Pass Zone]]="S",0.5,IF(Table11[[#This Row],[Pass Zone]]="M",1.5,2.5)) -> 2.5 | T57: =IF(AND(Table11[[#This Row],[Direction]]="R",Table11[[#This Row],[Strength]]="R"),"Strong",IF(AND(Table11[[#This Row],[Direction]]="L",Table11[[#This Row],[Strength]]="L"),"Strong",IF(AND(Table11[[#This Row],[Direction]]="R",Table11[[#This Row],[Strength]]="L"),"Weak",IF(AND(Table11[[#This Row],[Direction]]="L",Table11[[#This Row],[Strength]]="R"),"Weak",IF(AND(Table11[[#This Row],[Strength]]="BAL",Table11[[#This Row],[Direction]]="M"),"BAL",""))))) | U57: =IF(AND(Table11[[#This Row],[Hash]]="R",Table11[[#This Row],[Direction]]="L"),"Field",IF(AND(Table11[[#This Row],[Hash]]="L",Table11[[#This Row],[Direction]]="R"),"Field",IF(AND(Table11[[#This Row],[Hash]]="R",Table11[[#This Row],[Direction]]="R"),"Boundry",IF(AND(Table11[[#This Row],[Hash]]="L",Table11[[#This Row],[Direction]]="L"),"Boundry","")))) -> Field | V57: =IF(AND(Table11[[#This Row],[Down]]=1,Table11[[#This Row],[Distance]]>9),"01: 1st & 10+",IF(AND(Table11[[#This Row],[Down]]=1,Table11[[#This Row],[Distance]]<10),"02: 1st & < 10",IF(AND(Table11[[#This Row],[Down]]=2,Table11[[#This Row],[Distance]]>7),"03: 2nd & 8+",IF(AND(Table11[[#This Row],[Down]]=2,Table11[[#This Row],[Distance]]>3,Table11[[#This Row],[Distance]]<8),"04: 2nd & 4 - 7",IF(AND(Table11[[#This Row],[Down]]=2,Table11[[#This Row],[Distance]]<4),"05: 2nd & < 4",IF(AND(Table11[[#This Row],[Down]]=3,Table11[[#This Row],[Distance]]>7),"06: 3rd & 8+",IF(AND(Table11[[#This Row],[Down]]=3,Table11[[#This Row],[Distance]]>3,Table11[[#This Row],[Distance]]<8),"07: 3rd & 4 - 7",IF(AND(Table11[[#This Row],[Down]]=3,Table11[[#This Row],[Distance]]<4),"08: 3rd & < 4",IF(AND(Table11[[#This Row],[Down]]=4,Table11[[#This Row],[Distance]]>1),"09: 4th & 2+",IF(AND(Table11[[#This Row],[Down]]=4,Table11[[#This Row],[Distance]]<2),"10: 4th & < 2"," ")))))))))) -> 01: 1st & 10+ | W57: =IF(AND(Table11[[#This Row],[Yard Line]]>-21,Table11[[#This Row],[Yard Line]]<-1),"0-20",IF(AND(Table11[[#This Row],[Yard Line]]>-50,Table11[[#This Row],[Yard Line]]<-20),"21-49",IF(AND(Table11[[#This Row],[Yard Line]]<51,Table11[[#This Row],[Yard Line]]>20),"50-21",IF(AND(Table11[[#This Row],[Yard Line]]<21,Table11[[#This Row],[Yard Line]]>2),"Red Zone",IF(Table11[[#This Row],[Yard Line]]<3,"Goal Line",""))))) -> Red Zone
A58: 130 | B58: 2 | C58: 2 | D58: 6 | E58: 6 | F58: 0 | G58: L | J58: Run | K58: R | L58: B | M58: 1 | P58: =Table11[[#This Row],[Gain/Loss]] -> 0 | Q58: =IF(Table11[[#This Row],[Direction]]="L",0.5,IF(Table11[[#This Row],[Direction]]="M",1.5,2.5)) -> 2.5 | R58: =IF(Table11[[#This Row],[Direction]]="R","Right",IF(Table11[[#This Row],[Direction]]="L","Left","Middle")) -> Right | S58: =IF(Table11[[#This Row],[Pass Zone]]="S",0.5,IF(Table11[[#This Row],[Pass Zone]]="M",1.5,2.5)) -> 2.5 | T58: =IF(AND(Table11[[#This Row],[Direction]]="R",Table11[[#This Row],[Strength]]="R"),"Strong",IF(AND(Table11[[#This Row],[Direction]]="L",Table11[[#This Row],[Strength]]="L"),"Strong",IF(AND(Table11[[#This Row],[Direction]]="R",Table11[[#This Row],[Strength]]="L"),"Weak",IF(AND(Table11[[#This Row],[Direction]]="L",Table11[[#This Row],[Strength]]="R"),"Weak",IF(AND(Table11[[#This Row],[Strength]]="BAL",Table11[[#This Row],[Direction]]="M"),"BAL",""))))) | U58: =IF(AND(Table11[[#This Row],[Hash]]="R",Table11[[#This Row],[Direction]]="L"),"Field",IF(AND(Table11[[#This Row],[Hash]]="L",Table11[[#This Row],[Direction]]="R"),"Field",IF(AND(Table11[[#This Row],[Hash]]="R",Table11[[#This Row],[Direction]]="R"),"Boundry",IF(AND(Table11[[#This Row],[Hash]]="L",Table11[[#This Row],[Direction]]="L"),"Boundry","")))) -> Field | V58: =IF(AND(Table11[[#This Row],[Down]]=1,Table11[[#This Row],[Distance]]>9),"01: 1st & 10+",IF(AND(Table11[[#This Row],[Down]]=1,Table11[[#This Row],[Distance]]<10),"02: 1st & < 10",IF(AND(Table11[[#This Row],[Down]]=2,Table11[[#This Row],[Distance]]>7),"03: 2nd & 8+",IF(AND(Table11[[#This Row],[Down]]=2,Table11[[#This Row],[Distance]]>3,Table11[[#This Row],[Distance]]<8),"04: 2nd & 4 - 7",IF(AND(Table11[[#This Row],[Down]]=2,Table11[[#This Row],[Distance]]<4),"05: 2nd & < 4",IF(AND(Table11[[#This Row],[Down]]=3,Table11[[#This Row],[Distance]]>7),"06: 3rd & 8+",IF(AND(Table11[[#This Row],[Down]]=3,Table11[[#This Row],[Distance]]>3,Table11[[#This Row],[Distance]]<8),"07: 3rd & 4 - 7",IF(AND(Table11[[#This Row],[Down]]=3,Table11[[#This Row],[Distance]]<4),"08: 3rd & < 4",IF(AND(Table11[[#This Row],[Down]]=4,Table11[[#This Row],[Distance]]>1),"09: 4th & 2+",IF(AND(Table11[[#This Row],[Down]]=4,Table11[[#This Row],[Distance]]<2),"10: 4th & < 2"," ")))))))))) -> 04: 2nd & 4 - 7 | W58: =IF(AND(Table11[[#This Row],[Yard Line]]>-21,Table11[[#This Row],[Yard Line]]<-1),"0-20",IF(AND(Table11[[#This Row],[Yard Line]]>-50,Table11[[#This Row],[Yard Line]]<-20),"21-49",IF(AND(Table11[[#This Row],[Yard Line]]<51,Table11[[#This Row],[Yard Line]]>20),"50-21",IF(AND(Table11[[#This Row],[Yard Line]]<21,Table11[[#This Row],[Yard Line]]>2),"Red Zone",IF(Table11[[#This Row],[Yard Line]]<3,"Goal Line",""))))) -> Red Zone
A59: 131 | B59: 3 | C59: 3 | D59: 6 | E59: 6 | F59: 3 | G59: L | J59: Run | K59: R | L59: B | M59: 1 | P59: =Table11[[#This Row],[Gain/Loss]] -> 3 | Q59: =IF(Table11[[#This Row],[Direction]]="L",0.5,IF(Table11[[#This Row],[Direction]]="M",1.5,2.5)) -> 2.5 | R59: =IF(Table11[[#This Row],[Direction]]="R","Right",IF(Table11[[#This Row],[Direction]]="L","Left","Middle")) -> Right | S59: =IF(Table11[[#This Row],[Pass Zone]]="S",0.5,IF(Table11[[#This Row],[Pass Zone]]="M",1.5,2.5)) -> 2.5 | T59: =IF(AND(Table11[[#This Row],[Direction]]="R",Table11[[#This Row],[Strength]]="R"),"Strong",IF(AND(Table11[[#This Row],[Direction]]="L",Table11[[#This Row],[Strength]]="L"),"Strong",IF(AND(Table11[[#This Row],[Direction]]="R",Table11[[#This Row],[Strength]]="L"),"Weak",IF(AND(Table11[[#This Row],[Direction]]="L",Table11[[#This Row],[Strength]]="R"),"Weak",IF(AND(Table11[[#This Row],[Strength]]="BAL",Table11[[#This Row],[Direction]]="M"),"BAL",""))))) | U59: =IF(AND(Table11[[#This Row],[Hash]]="R",Table11[[#This Row],[Direction]]="L"),"Field",IF(AND(Table11[[#This Row],[Hash]]="L",Table11[[#This Row],[Direction]]="R"),"Field",IF(AND(Table11[[#This Row],[Hash]]="R",Table11[[#This Row],[Direction]]="R"),"Boundry",IF(AND(Table11[[#This Row],[Hash]]="L",Table11[[#This Row],[Direction]]="L"),"Boundry","")))) -> Field | V59: =IF(AND(Table11[[#This Row],[Down]]=1,Table11[[#This Row],[Distance]]>9),"01: 1st & 10+",IF(AND(Table11[[#This Row],[Down]]=1,Table11[[#This Row],[Distance]]<10),"02: 1st & < 10",IF(AND(Table11[[#This Row],[Down]]=2,Table11[[#This Row],[Distance]]>7),"03: 2nd & 8+",IF(AND(Table11[[#This Row],[Down]]=2,Table11[[#This Row],[Distance]]>3,Table11[[#This Row],[Distance]]<8),"04: 2nd & 4 - 7",IF(AND(Table11[[#This Row],[Down]]=2,Table11[[#This Row],[Distance]]<4),"05: 2nd & < 4",IF(AND(Table11[[#This Row],[Down]]=3,Table11[[#This Row],[Distance]]>7),"06: 3rd & 8+",IF(AND(Table11[[#This Row],[Down]]=3,Table11[[#This Row],[Distance]]>3,Table11[[#This Row],[Distance]]<8),"07: 3rd & 4 - 7",IF(AND(Table11[[#This Row],[Down]]=3,Table11[[#This Row],[Distance]]<4),"08: 3rd & < 4",IF(AND(Table11[[#This Row],[Down]]=4,Table11[[#This Row],[Distance]]>1),"09: 4th & 2+",IF(AND(Table11[[#This Row],[Down]]=4,Table11[[#This Row],[Distance]]<2),"10: 4th & < 2"," ")))))))))) -> 07: 3rd & 4 - 7 | W59: =IF(AND(Table11[[#This Row],[Yard Line]]>-21,Table11[[#This Row],[Yard Line]]<-1),"0-20",IF(AND(Table11[[#This Row],[Yard Line]]>-50,Table11[[#This Row],[Yard Line]]<-20),"21-49",IF(AND(Table11[[#This Row],[Yard Line]]<51,Table11[[#This Row],[Yard Line]]>20),"50-21",IF(AND(Table11[[#This Row],[Yard Line]]<21,Table11[[#This Row],[Yard Line]]>2),"Red Zone",IF(Table11[[#This Row],[Yard Line]]<3,"Goal Line",""))))) -> Red Zone
A60: 132 | B60: 4 | C60: 4 | D60: 3 | E60: 3 | F60: 2 | G60: R | J60: Run | K60: R | L60: B | M60: 1 | P60: =Table11[[#This Row],[Gain/Loss]] -> 2 | Q60: =IF(Table11[[#This Row],[Direction]]="L",0.5,IF(Table11[[#This Row],[Direction]]="M",1.5,2.5)) -> 2.5 | R60: =IF(Table11[[#This Row],[Direction]]="R","Right",IF(Table11[[#This Row],[Direction]]="L","Left","Middle")) -> Right | S60: =IF(Table11[[#This Row],[Pass Zone]]="S",0.5,IF(Table11[[#This Row],[Pass Zone]]="M",1.5,2.5)) -> 2.5 | T60: =IF(AND(Table11[[#This Row],[Direction]]="R",Table11[[#This Row],[Strength]]="R"),"Strong",IF(AND(Table11[[#This Row],[Direction]]="L",Table11[[#This Row],[Strength]]="L"),"Strong",IF(AND(Table11[[#This Row],[Direction]]="R",Table11[[#This Row],[Strength]]="L"),"Weak",IF(AND(Table11[[#This Row],[Direction]]="L",Table11[[#This Row],[Strength]]="R"),"Weak",IF(AND(Table11[[#This Row],[Strength]]="BAL",Table11[[#This Row],[Direction]]="M"),"BAL",""))))) | U60: =IF(AND(Table11[[#This Row],[Hash]]="R",Table11[[#This Row],[Direction]]="L"),"Field",IF(AND(Table11[[#This Row],[Hash]]="L",Table11[[#This Row],[Direction]]="R"),"Field",IF(AND(Table11[[#This Row],[Hash]]="R",Table11[[#This Row],[Direction]]="R"),"Boundry",IF(AND(Table11[[#This Row],[Hash]]="L",Table11[[#This Row],[Direction]]="L"),"Boundry","")))) -> Boundry | V60: =IF(AND(Table11[[#This Row],[Down]]=1,Table11[[#This Row],[Distance]]>9),"01: 1st & 10+",IF(AND(Table11[[#This Row],[Down]]=1,Table11[[#This Row],[Distance]]<10),"02: 1st & < 10",IF(AND(Table11[[#This Row],[Down]]=2,Table11[[#This Row],[Distance]]>7),"03: 2nd & 8+",IF(AND(Table11[[#This Row],[Down]]=2,Table11[[#This Row],[Distance]]>3,Table11[[#This Row],[Distance]]<8),"04: 2nd & 4 - 7",IF(AND(Table11[[#This Row],[Down]]=2,Table11[[#This Row],[Distance]]<4),"05: 2nd & < 4",IF(AND(Table11[[#This Row],[Down]]=3,Table11[[#This Row],[Distance]]>7),"06: 3rd & 8+",IF(AND(Table11[[#This Row],[Down]]=3,Table11[[#This Row],[Distance]]>3,Table11[[#This Row],[Distance]]<8),"07: 3rd & 4 - 7",IF(AND(Table11[[#This Row],[Down]]=3,Table11[[#This Row],[Distance]]<4),"08: 3rd & < 4",IF(AND(Table11[[#This Row],[Down]]=4,Table11[[#This Row],[Distance]]>1),"09: 4th & 2+",IF(AND(Table11[[#This Row],[Down]]=4,Table11[[#This Row],[Distance]]<2),"10: 4th & < 2"," ")))))))))) -> 09: 4th & 2+ | W60: =IF(AND(Table11[[#This Row],[Yard Line]]>-21,Table11[[#This Row],[Yard Line]]<-1),"0-20",IF(AND(Table11[[#This Row],[Yard Line]]>-50,Table11[[#This Row],[Yard Line]]<-20),"21-49",IF(AND(Table11[[#This Row],[Yard Line]]<51,Table11[[#This Row],[Yard Line]]>20),"50-21",IF(AND(Table11[[#This Row],[Yard Line]]<21,Table11[[#This Row],[Yard Line]]>2),"Red Zone",IF(Table11[[#This Row],[Yard Line]]<3,"Goal Line",""))))) -> Red Zone
A61: 139 | B61: 1 | C61: 1 | D61: 10 | E61: -40 | F61: 2 | G61: M | J61: Run | K61: R | L61: B | M61: 1 | P61: =Table11[[#This Row],[Gain/Loss]] -> 2 | Q61: =IF(Table11[[#This Row],[Direction]]="L",0.5,IF(Table11[[#This Row],[Direction]]="M",1.5,2.5)) -> 2.5 | R61: =IF(Table11[[#This Row],[Direction]]="R","Right",IF(Table11[[#This Row],[Direction]]="L","Left","Middle")) -> Right | S61: =IF(Table11[[#This Row],[Pass Zone]]="S",0.5,IF(Table11[[#This Row],[Pass Zone]]="M",1.5,2.5)) -> 2.5 | T61: =IF(AND(Table11[[#This Row],[Direction]]="R",Table11[[#This Row],[Strength]]="R"),"Strong",IF(AND(Table11[[#This Row],[Direction]]="L",Table11[[#This Row],[Strength]]="L"),"Strong",IF(AND(Table11[[#This Row],[Direction]]="R",Table11[[#This Row],[Strength]]="L"),"Weak",IF(AND(Table11[[#This Row],[Direction]]="L",Table11[[#This Row],[Strength]]="R"),"Weak",IF(AND(Table11[[#This Row],[Strength]]="BAL",Table11[[#This Row],[Direction]]="M"),"BAL",""))))) | U61: =IF(AND(Table11[[#This Row],[Hash]]="R",Table11[[#This Row],[Direction]]="L"),"Field",IF(AND(Table11[[#This Row],[Hash]]="L",Table11[[#This Row],[Direction]]="R"),"Field",IF(AND(Table11[[#This Row],[Hash]]="R",Table11[[#This Row],[Direction]]="R"),"Boundry",IF(AND(Table11[[#This Row],[Hash]]="L",Table11[[#This Row],[Direction]]="L"),"Boundry","")))) | V61: =IF(AND(Table11[[#This Row],[Down]]=1,Table11[[#This Row],[Distance]]>9),"01: 1st & 10+",IF(AND(Table11[[#This Row],[Down]]=1,Table11[[#This Row],[Distance]]<10),"02: 1st & < 10",IF(AND(Table11[[#This Row],[Down]]=2,Table11[[#This Row],[Distance]]>7),"03: 2nd & 8+",IF(AND(Table11[[#This Row],[Down]]=2,Table11[[#This Row],[Distance]]>3,Table11[[#This Row],[Distance]]<8),"04: 2nd & 4 - 7",IF(AND(Table11[[#This Row],[Down]]=2,Table11[[#This Row],[Distance]]<4),"05: 2nd & < 4",IF(AND(Table11[[#This Row],[Down]]=3,Table11[[#This Row],[Distance]]>7),"06: 3rd & 8+",IF(AND(Table11[[#This Row],[Down]]=3,Table11[[#This Row],[Distance]]>3,Table11[[#This Row],[Distance]]<8),"07: 3rd & 4 - 7",IF(AND(Table11[[#This Row],[Down]]=3,Table11[[#This Row],[Distance]]<4),"08: 3rd & < 4",IF(AND(Table11[[#This Row],[Down]]=4,Table11[[#This Row],[Distance]]>1),"09: 4th & 2+",IF(AND(Table11[[#This Row],[Down]]=4,Table11[[#This Row],[Distance]]<2),"10: 4th & < 2"," ")))))))))) -> 01: 1st & 10+ | W61: =IF(AND(Table11[[#This Row],[Yard Line]]>-21,Table11[[#This Row],[Yard Line]]<-1),"0-20",IF(AND(Table11[[#This Row],[Yard Line]]>-50,Table11[[#This Row],[Yard Line]]<-20),"21-49",IF(AND(Table11[[#This Row],[Yard Line]]<51,Table11[[#This Row],[Yard Line]]>20),"50-21",IF(AND(Table11[[#This Row],[Yard Line]]<21,Table11[[#This Row],[Yard Line]]>2),"Red Zone",IF(Table11[[#This Row],[Yard Line]]<3,"Goal Line",""))))) -> 21-49
A62: 140 | B62: 2 | C62: 2 | D62: 8 | E62: -42 | F62: 0 | G62: R | J62: Pass | K62: R | M62: 1 | N62: 0 | P62: =Table11[[#This Row],[Gain/Loss]] -> 0 | Q62: =IF(Table11[[#This Row],[Direction]]="L",0.5,IF(Table11[[#This Row],[Direction]]="M",1.5,2.5)) -> 2.5 | R62: =IF(Table11[[#This Row],[Direction]]="R","Right",IF(Table11[[#This Row],[Direction]]="L","Left","Middle")) -> Right | S62: =IF(Table11[[#This Row],[Pass Zone]]="S",0.5,IF(Table11[[#This Row],[Pass Zone]]="M",1.5,2.5)) -> 2.5 | T62: =IF(AND(Table11[[#This Row],[Direction]]="R",Table11[[#This Row],[Strength]]="R"),"Strong",IF(AND(Table11[[#This Row],[Direction]]="L",Table11[[#This Row],[Strength]]="L"),"Strong",IF(AND(Table11[[#This Row],[Direction]]="R",Table11[[#This Row],[Strength]]="L"),"Weak",IF(AND(Table11[[#This Row],[Direction]]="L",Table11[[#This Row],[Strength]]="R"),"Weak",IF(AND(Table11[[#This Row],[Strength]]="BAL",Table11[[#This Row],[Direction]]="M"),"BAL",""))))) | U62: =IF(AND(Table11[[#This Row],[Hash]]="R",Table11[[#This Row],[Direction]]="L"),"Field",IF(AND(Table11[[#This Row],[Hash]]="L",Table11[[#This Row],[Direction]]="R"),"Field",IF(AND(Table11[[#This Row],[Hash]]="R",Table11[[#This Row],[Direction]]="R"),"Boundry",IF(AND(Table11[[#This Row],[Hash]]="L",Table11[[#This Row],[Direction]]="L"),"Boundry","")))) -> Boundry | V62: =IF(AND(Table11[[#This Row],[Down]]=1,Table11[[#This Row],[Distance]]>9),"01: 1st & 10+",IF(AND(Table11[[#This Row],[Down]]=1,Table11[[#This Row],[Distance]]<10),"02: 1st & < 10",IF(AND(Table11[[#This Row],[Down]]=2,Table11[[#This Row],[Distance]]>7),"03: 2nd & 8+",IF(AND(Table11[[#This Row],[Down]]=2,Table11[[#This Row],[Distance]]>3,Table11[[#This Row],[Distance]]<8),"04: 2nd & 4 - 7",IF(AND(Table11[[#This Row],[Down]]=2,Table11[[#This Row],[Distance]]<4),"05: 2nd & < 4",IF(AND(Table11[[#This Row],[Down]]=3,Table11[[#This Row],[Distance]]>7),"06: 3rd & 8+",IF(AND(Table11[[#This Row],[Down]]=3,Table11[[#This Row],[Distance]]>3,Table11[[#This Row],[Distance]]<8),"07: 3rd & 4 - 7",IF(AND(Table11[[#This Row],[Down]]=3,Table11[[#This Row],[Distance]]<4),"08: 3rd & < 4",IF(AND(Table11[[#This Row],[Down]]=4,Table11[[#This Row],[Distance]]>1),"09: 4th & 2+",IF(AND(Table11[[#This Row],[Down]]=4,Table11[[#This Row],[Distance]]<2),"10: 4th & < 2"," ")))))))))) -> 03: 2nd & 8+ | W62: =IF(AND(Table11[[#This Row],[Yard Line]]>-21,Table11[[#This Row],[Yard Line]]<-1),"0-20",IF(AND(Table11[[#This Row],[Yard Line]]>-50,Table11[[#This Row],[Yard Line]]<-20),"21-49",IF(AND(Table11[[#This Row],[Yard Line]]<51,Table11[[#This Row],[Yard Line]]>20),"50-21",IF(AND(Table11[[#This Row],[Yard Line]]<21,Table11[[#This Row],[Yard Line]]>2),"Red Zone",IF(Table11[[#This Row],[Yard Line]]<3,"Goal Line",""))))) -> 21-49
A63: 5 | B63: 1 | C63: 1 | D63: 5 | E63: 46 | F63: 25 | G63: L | J63: Run | K63: R | L63: B | M63: 1 | P63: =Table11[[#This Row],[Gain/Loss]] -> 25 | Q63: =IF(Table11[[#This Row],[Direction]]="L",0.5,IF(Table11[[#This Row],[Direction]]="M",1.5,2.5)) -> 2.5 | R63: =IF(Table11[[#This Row],[Direction]]="R","Right",IF(Table11[[#This Row],[Direction]]="L","Left","Middle")) -> Right | S63: =IF(Table11[[#This Row],[Pass Zone]]="S",0.5,IF(Table11[[#This Row],[Pass Zone]]="M",1.5,2.5)) -> 2.5 | T63: =IF(AND(Table11[[#This Row],[Direction]]="R",Table11[[#This Row],[Strength]]="R"),"Strong",IF(AND(Table11[[#This Row],[Direction]]="L",Table11[[#This Row],[Strength]]="L"),"Strong",IF(AND(Table11[[#This Row],[Direction]]="R",Table11[[#This Row],[Strength]]="L"),"Weak",IF(AND(Table11[[#This Row],[Direction]]="L",Table11[[#This Row],[Strength]]="R"),"Weak",IF(AND(Table11[[#This Row],[Strength]]="BAL",Table11[[#This Row],[Direction]]="M"),"BAL",""))))) | U63: =IF(AND(Table11[[#This Row],[Hash]]="R",Table11[[#This Row],[Direction]]="L"),"Field",IF(AND(Table11[[#This Row],[Hash]]="L",Table11[[#This Row],[Direction]]="R"),"Field",IF(AND(Table11[[#This Row],[Hash]]="R",Table11[[#This Row],[Direction]]="R"),"Boundry",IF(AND(Table11[[#This Row],[Hash]]="L",Table11[[#This Row],[Direction]]="L"),"Boundry","")))) -> Field | V63: =IF(AND(Table11[[#This Row],[Down]]=1,Table11[[#This Row],[Distance]]>9),"01: 1st & 10+",IF(AND(Table11[[#This Row],[Down]]=1,Table11[[#This Row],[Distance]]<10),"02: 1st & < 10",IF(AND(Table11[[#This Row],[Down]]=2,Table11[[#This Row],[Distance]]>7),"03: 2nd & 8+",IF(AND(Table11[[#This Row],[Down]]=2,Table11[[#This Row],[Distance]]>3,Table11[[#This Row],[Distance]]<8),"04: 2nd & 4 - 7",IF(AND(Table11[[#This Row],[Down]]=2,Table11[[#This Row],[Distance]]<4),"05: 2nd & < 4",IF(AND(Table11[[#This Row],[Down]]=3,Table11[[#This Row],[Distance]]>7),"06: 3rd & 8+",IF(AND(Table11[[#This Row],[Down]]=3,Table11[[#This Row],[Distance]]>3,Table11[[#This Row],[Distance]]<8),"07: 3rd & 4 - 7",IF(AND(Table11[[#This Row],[Down]]=3,Table11[[#This Row],[Distance]]<4),"08: 3rd & < 4",IF(AND(Table11[[#This Row],[Down]]=4,Table11[[#This Row],[Distance]]>1),"09: 4th & 2+",IF(AND(Table11[[#This Row],[Down]]=4,Table11[[#This Row],[Distance]]<2),"10: 4th & < 2"," ")))))))))) -> 02: 1st & < 10 | W63: =IF(AND(Table11[[#This Row],[Yard Line]]>-21,Table11[[#This Row],[Yard Line]]<-1),"0-20",IF(AND(Table11[[#This Row],[Yard Line]]>-50,Table11[[#This Row],[Yard Line]]<-20),"21-49",IF(AND(Table11[[#This Row],[Yard Line]]<51,Table11[[#This Row],[Yard Line]]>20),"50-21",IF(AND(Table11[[#This Row],[Yard Line]]<21,Table11[[#This Row],[Yard Line]]>2),"Red Zone",IF(Table11[[#This Row],[Yard Line]]<3,"Goal Line",""))))) -> 50-21
A64: 6 | B64: 1 | C64: 1 | D64: 10 | E64: 21 | F64: 6 | G64: R | J64: Run | K64: R | L64: B | M64: 1 | P64: =Table11[[#This Row],[Gain/Loss]] -> 6 | Q64: =IF(Table11[[#This Row],[Direction]]="L",0.5,IF(Table11[[#This Row],[Direction]]="M",1.5,2.5)) -> 2.5 | R64: =IF(Table11[[#This Row],[Direction]]="R","Right",IF(Table11[[#This Row],[Direction]]="L","Left","Middle")) -> Right | S64: =IF(Table11[[#This Row],[Pass Zone]]="S",0.5,IF(Table11[[#This Row],[Pass Zone]]="M",1.5,2.5)) -> 2.5 | T64: =IF(AND(Table11[[#This Row],[Direction]]="R",Table11[[#This Row],[Strength]]="R"),"Strong",IF(AND(Table11[[#This Row],[Direction]]="L",Table11[[#This Row],[Strength]]="L"),"Strong",IF(AND(Table11[[#This Row],[Direction]]="R",Table11[[#This Row],[Strength]]="L"),"Weak",IF(AND(Table11[[#This Row],[Direction]]="L",Table11[[#This Row],[Strength]]="R"),"Weak",IF(AND(Table11[[#This Row],[Strength]]="BAL",Table11[[#This Row],[Direction]]="M"),"BAL",""))))) | U64: =IF(AND(Table11[[#This Row],[Hash]]="R",Table11[[#This Row],[Direction]]="L"),"Field",IF(AND(Table11[[#This Row],[Hash]]="L",Table11[[#This Row],[Direction]]="R"),"Field",IF(AND(Table11[[#This Row],[Hash]]="R",Table11[[#This Row],[Direction]]="R"),"Boundry",IF(AND(Table11[[#This Row],[Hash]]="L",Table11[[#This Row],[Direction]]="L"),"Boundry","")))) -> Boundry | V64: =IF(AND(Table11[[#This Row],[Down]]=1,Table11[[#This Row],[Distance]]>9),"01: 1st & 10+",IF(AND(Table11[[#This Row],[Down]]=1,Table11[[#This Row],[Distance]]<10),"02: 1st & < 10",IF(AND(Table11[[#This Row],[Down]]=2,Table11[[#This Row],[Distance]]>7),"03: 2nd & 8+",IF(AND(Table11[[#This Row],[Down]]=2,Table11[[#This Row],[Distance]]>3,Table11[[#This Row],[Distance]]<8),"04: 2nd & 4 - 7",IF(AND(Table11[[#This Row],[Down]]=2,Table11[[#This Row],[Distance]]<4),"05: 2nd & < 4",IF(AND(Table11[[#This Row],[Down]]=3,Table11[[#This Row],[Distance]]>7),"06: 3rd & 8+",IF(AND(Table11[[#This Row],[Down]]=3,Table11[[#This Row],[Distance]]>3,Table11[[#This Row],[Distance]]<8),"07: 3rd & 4 - 7",IF(AND(Table11[[#This Row],[Down]]=3,Table11[[#This Row],[Distance]]<4),"08: 3rd & < 4",IF(AND(Table11[[#This Row],[Down]]=4,Table11[[#This Row],[Distance]]>1),"09: 4th & 2+",IF(AND(Table11[[#This Row],[Down]]=4,Table11[[#This Row],[Distance]]<2),"10: 4th & < 2"," ")))))))))) -> 01: 1st & 10+ | W64: =IF(AND(Table11[[#This Row],[Yard Line]]>-21,Table11[[#This Row],[Yard Line]]<-1),"0-20",IF(AND(Table11[[#This Row],[Yard Line]]>-50,Table11[[#This Row],[Yard Line]]<-20),"21-49",IF(AND(Table11[[#This Row],[Yard Line]]<51,Table11[[#This Row],[Yard Line]]>20),"50-21",IF(AND(Table11[[#This Row],[Yard Line]]<21,Table11[[#This Row],[Yard Line]]>2),"Red Zone",IF(Table11[[#This Row],[Yard Line]]<3,"Goal Line",""))))) -> 50-21
A65: 7 | B65: 2 | C65: 2 | D65: 4 | E65: 15 | F65: 2 | G65: R | J65: Run | K65: L | L65: B | M65: 1 | P65: =Table11[[#This Row],[Gain/Loss]] -> 2 | Q65: =IF(Table11[[#This Row],[Direction]]="L",0.5,IF(Table11[[#This Row],[Direction]]="M",1.5,2.5)) -> 0.5 | R65: =IF(Table11[[#This Row],[Direction]]="R","Right",IF(Table11[[#This Row],[Direction]]="L","Left","Middle")) -> Left | S65: =IF(Table11[[#This Row],[Pass Zone]]="S",0.5,IF(Table11[[#This Row],[Pass Zone]]="M",1.5,2.5)) -> 2.5 | T65: =IF(AND(Table11[[#This Row],[Direction]]="R",Table11[[#This Row],[Strength]]="R"),"Strong",IF(AND(Table11[[#This Row],[Direction]]="L",Table11[[#This Row],[Strength]]="L"),"Strong",IF(AND(Table11[[#This Row],[Direction]]="R",Table11[[#This Row],[Strength]]="L"),"Weak",IF(AND(Table11[[#This Row],[Direction]]="L",Table11[[#This Row],[Strength]]="R"),"Weak",IF(AND(Table11[[#This Row],[Strength]]="BAL",Table11[[#This Row],[Direction]]="M"),"BAL",""))))) | U65: =IF(AND(Table11[[#This Row],[Hash]]="R",Table11[[#This Row],[Direction]]="L"),"Field",IF(AND(Table11[[#This Row],[Hash]]="L",Table11[[#This Row],[Direction]]="R"),"Field",IF(AND(Table11[[#This Row],[Hash]]="R",Table11[[#This Row],[Direction]]="R"),"Boundry",IF(AND(Table11[[#This Row],[Hash]]="L",Table11[[#This Row],[Direction]]="L"),"Boundry","")))) -> Field | V65: =IF(AND(Table11[[#This Row],[Down]]=1,Table11[[#This Row],[Distance]]>9),"01: 1st & 10+",IF(AND(Table11[[#This Row],[Down]]=1,Table11[[#This Row],[Distance]]<10),"02: 1st & < 10",IF(AND(Table11[[#This Row],[Down]]=2,Table11[[#This Row],[Distance]]>7),"03: 2nd & 8+",IF(AND(Table11[[#This Row],[Down]]=2,Table11[[#This Row],[Distance]]>3,Table11[[#This Row],[Distance]]<8),"04: 2nd & 4 - 7",IF(AND(Table11[[#This Row],[Down]]=2,Table11[[#This Row],[Distance]]<4),"05: 2nd & < 4",IF(AND(Table11[[#This Row],[Down]]=3,Table11[[#This Row],[Distance]]>7),"06: 3rd & 8+",IF(AND(Table11[[#This Row],[Down]]=3,Table11[[#This Row],[Distance]]>3,Table11[[#This Row],[Distance]]<8),"07: 3rd & 4 - 7",IF(AND(Table11[[#This Row],[Down]]=3,Table11[[#This Row],[Distance]]<4),"08: 3rd & < 4",IF(AND(Table11[[#This Row],[Down]]=4,Table11[[#This Row],[Distance]]>1),"09: 4th & 2+",IF(AND(Table11[[#This Row],[Down]]=4,Table11[[#This Row],[Distance]]<2),"10: 4th & < 2"," ")))))))))) -> 04: 2nd & 4 - 7 | W65: =IF(AND(Table11[[#This Row],[Yard Line]]>-21,Table11[[#This Row],[Yard Line]]<-1),"0-20",IF(AND(Table11[[#This Row],[Yard Line]]>-50,Table11[[#This Row],[Yard Line]]<-20),"21-49",IF(AND(Table11[[#This Row],[Yard Line]]<51,Table11[[#This Row],[Yard Line]]>20),"50-21",IF(AND(Table11[[#This Row],[Yard Line]]<21,Table11[[#This Row],[Yard Line]]>2),"Red Zone",IF(Table11[[#This Row],[Yard Line]]<3,"Goal Line",""))))) -> Red Zone
A66: 9 | B66: 3 | C66: 3 | D66: 4 | E66: 15 | F66: 7 | G66: L | J66: Run | K66: R | L66: B | M66: 1 | P66: =Table11[[#This Row],[Gain/Loss]] -> 7 | Q66: =IF(Table11[[#This Row],[Direction]]="L",0.5,IF(Table11[[#This Row],[Direction]]="M",1.5,2.5)) -> 2.5 | R66: =IF(Table11[[#This Row],[Direction]]="R","Right",IF(Table11[[#This Row],[Direction]]="L","Left","Middle")) -> Right | S66: =IF(Table11[[#This Row],[Pass Zone]]="S",0.5,IF(Table11[[#This Row],[Pass Zone]]="M",1.5,2.5)) -> 2.5 | T66: =IF(AND(Table11[[#This Row],[Direction]]="R",Table11[[#This Row],[Strength]]="R"),"Strong",IF(AND(Table11[[#This Row],[Direction]]="L",Table11[[#This Row],[Strength]]="L"),"Strong",IF(AND(Table11[[#This Row],[Direction]]="R",Table11[[#This Row],[Strength]]="L"),"Weak",IF(AND(Table11[[#This Row],[Direction]]="L",Table11[[#This Row],[Strength]]="R"),"Weak",IF(AND(Table11[[#This Row],[Strength]]="BAL",Table11[[#This Row],[Direction]]="M"),"BAL",""))))) | U66: =IF(AND(Table11[[#This Row],[Hash]]="R",Table11[[#This Row],[Direction]]="L"),"Field",IF(AND(Table11[[#This Row],[Hash]]="L",Table11[[#This Row],[Direction]]="R"),"Field",IF(AND(Table11[[#This Row],[Hash]]="R",Table11[[#This Row],[Direction]]="R"),"Boundry",IF(AND(Table11[[#This Row],[Hash]]="L",Table11[[#This Row],[Direction]]="L"),"Boundry","")))) -> Field | V66: =IF(AND(Table11[[#This Row],[Down]]=1,Table11[[#This Row],[Distance]]>9),"01: 1st & 10+",IF(AND(Table11[[#This Row],[Down]]=1,Table11[[#This Row],[Distance]]<10),"02: 1st & < 10",IF(AND(Table11[[#This Row],[Down]]=2,Table11[[#This Row],[Distance]]>7),"03: 2nd & 8+",IF(AND(Table11[[#This Row],[Down]]=2,Table11[[#This Row],[Distance]]>3,Table11[[#This Row],[Distance]]<8),"04: 2nd & 4 - 7",IF(AND(Table11[[#This Row],[Down]]=2,Table11[[#This Row],[Distance]]<4),"05: 2nd & < 4",IF(AND(Table11[[#This Row],[Down]]=3,Table11[[#This Row],[Distance]]>7),"06: 3rd & 8+",IF(AND(Table11[[#This Row],[Down]]=3,Table11[[#This Row],[Distance]]>3,Table11[[#This Row],[Distance]]<8),"07: 3rd & 4 - 7",IF(AND(Table11[[#This Row],[Down]]=3,Table11[[#This Row],[Distance]]<4),"08: 3rd & < 4",IF(AND(Table11[[#This Row],[Down]]=4,Table11[[#This Row],[Distance]]>1),"09: 4th & 2+",IF(AND(Table11[[#This Row],[Down]]=4,Table11[[#This Row],[Distance]]<2),"10: 4th & < 2"," ")))))))))) -> 07: 3rd & 4 - 7 | W66: =IF(AND(Table11[[#This Row],[Yard Line]]>-21,Table11[[#This Row],[Yard Line]]<-1),"0-20",IF(AND(Table11[[#This Row],[Yard Line]]>-50,Table11[[#This Row],[Yard Line]]<-20),"21-49",IF(AND(Table11[[#This Row],[Yard Line]]<51,Table11[[#This Row],[Yard Line]]>20),"50-21",IF(AND(Table11[[#This Row],[Yard Line]]<21,Table11[[#This Row],[Yard Line]]>2),"Red Zone",IF(Table11[[#This Row],[Yard Line]]<3,"Goal Line",""))))) -> Red Zone
A67: 10 | B67: 1 | C67: 1 | D67: 8 | E67: 8 | F67: 8 | G67: M | J67: Run | K67: L | L67: B | M67: 1 | P67: =Table11[[#This Row],[Gain/Loss]] -> 8 | Q67: =IF(Table11[[#This Row],[Direction]]="L",0.5,IF(Table11[[#This Row],[Direction]]="M",1.5,2.5)) -> 0.5 | R67: =IF(Table11[[#This Row],[Direction]]="R","Right",IF(Table11[[#This Row],[Direction]]="L","Left","Middle")) -> Left | S67: =IF(Table11[[#This Row],[Pass Zone]]="S",0.5,IF(Table11[[#This Row],[Pass Zone]]="M",1.5,2.5)) -> 2.5 | T67: =IF(AND(Table11[[#This Row],[Direction]]="R",Table11[[#This Row],[Strength]]="R"),"Strong",IF(AND(Table11[[#This Row],[Direction]]="L",Table11[[#This Row],[Strength]]="L"),"Strong",IF(AND(Table11[[#This Row],[Direction]]="R",Table11[[#This Row],[Strength]]="L"),"Weak",IF(AND(Table11[[#This Row],[Direction]]="L",Table11[[#This Row],[Strength]]="R"),"Weak",IF(AND(Table11[[#This Row],[Strength]]="BAL",Table11[[#This Row],[Direction]]="M"),"BAL",""))))) | U67: =IF(AND(Table11[[#This Row],[Hash]]="R",Table11[[#This Row],[Direction]]="L"),"Field",IF(AND(Table11[[#This Row],[Hash]]="L",Table11[[#This Row],[Direction]]="R"),"Field",IF(AND(Table11[[#This Row],[Hash]]="R",Table11[[#This Row],[Direction]]="R"),"Boundry",IF(AND(Table11[[#This Row],[Hash]]="L",Table11[[#This Row],[Direction]]="L"),"Boundry","")))) | V67: =IF(AND(Table11[[#This Row],[Down]]=1,Table11[[#This Row],[Distance]]>9),"01: 1st & 10+",IF(AND(Table11[[#This Row],[Down]]=1,Table11[[#This Row],[Distance]]<10),"02: 1st & < 10",IF(AND(Table11[[#This Row],[Down]]=2,Table11[[#This Row],[Distance]]>7),"03: 2nd & 8+",IF(AND(Table11[[#This Row],[Down]]=2,Table11[[#This Row],[Distance]]>3,Table11[[#This Row],[Distance]]<8),"04: 2nd & 4 - 7",IF(AND(Table11[[#This Row],[Down]]=2,Table11[[#This Row],[Distance]]<4),"05: 2nd & < 4",IF(AND(Table11[[#This Row],[Down]]=3,Table11[[#This Row],[Distance]]>7),"06: 3rd & 8+",IF(AND(Table11[[#This Row],[Down]]=3,Table11[[#This Row],[Distance]]>3,Table11[[#This Row],[Distance]]<8),"07: 3rd & 4 - 7",IF(AND(Table11[[#This Row],[Down]]=3,Table11[[#This Row],[Distance]]<4),"08: 3rd & < 4",IF(AND(Table11[[#This Row],[Down]]=4,Table11[[#This Row],[Distance]]>1),"09: 4th & 2+",IF(AND(Table11[[#This Row],[Down]]=4,Table11[[#This Row],[Distance]]<2),"10: 4th & < 2"," ")))))))))) -> 02: 1st & < 10 | W67: =IF(AND(Table11[[#This Row],[Yard Line]]>-21,Table11[[#This Row],[Yard Line]]<-1),"0-20",IF(AND(Table11[[#This Row],[Yard Line]]>-50,Table11[[#This Row],[Yard Line]]<-20),"21-49",IF(AND(Table11[[#This Row],[Yard Line]]<51,Table11[[#This Row],[Yard Line]]>20),"50-21",IF(AND(Table11[[#This Row],[Yard Line]]<21,Table11[[#This Row],[Yard Line]]>2),"Red Zone",IF(Table11[[#This Row],[Yard Line]]<3,"Goal Line",""))))) -> Red Zone
A68: 17 | B68: 1 | C68: 1 | D68: 10 | E68: 42 | F68: 4 | G68: R | J68: Run | K68: L | L68: B | M68: 1 | P68: =Table11[[#This Row],[Gain/Loss]] -> 4 | Q68: =IF(Table11[[#This Row],[Direction]]="L",0.5,IF(Table11[[#This Row],[Direction]]="M",1.5,2.5)) -> 0.5 | R68: =IF(Table11[[#This Row],[Direction]]="R","Right",IF(Table11[[#This Row],[Direction]]="L","Left","Middle")) -> Left | S68: =IF(Table11[[#This Row],[Pass Zone]]="S",0.5,IF(Table11[[#This Row],[Pass Zone]]="M",1.5,2.5)) -> 2.5 | T68: =IF(AND(Table11[[#This Row],[Direction]]="R",Table11[[#This Row],[Strength]]="R"),"Strong",IF(AND(Table11[[#This Row],[Direction]]="L",Table11[[#This Row],[Strength]]="L"),"Strong",IF(AND(Table11[[#This Row],[Direction]]="R",Table11[[#This Row],[Strength]]="L"),"Weak",IF(AND(Table11[[#This Row],[Direction]]="L",Table11[[#This Row],[Strength]]="R"),"Weak",IF(AND(Table11[[#This Row],[Strength]]="BAL",Table11[[#This Row],[Direction]]="M"),"BAL",""))))) | U68: =IF(AND(Table11[[#This Row],[Hash]]="R",Table11[[#This Row],[Direction]]="L"),"Field",IF(AND(Table11[[#This Row],[Hash]]="L",Table11[[#This Row],[Direction]]="R"),"Field",IF(AND(Table11[[#This Row],[Hash]]="R",Table11[[#This Row],[Direction]]="R"),"Boundry",IF(AND(Table11[[#This Row],[Hash]]="L",Table11[[#This Row],[Direction]]="L"),"Boundry","")))) -> Field | V68: =IF(AND(Table11[[#This Row],[Down]]=1,Table11[[#This Row],[Distance]]>9),"01: 1st & 10+",IF(AND(Table11[[#This Row],[Down]]=1,Table11[[#This Row],[Distance]]<10),"02: 1st & < 10",IF(AND(Table11[[#This Row],[Down]]=2,Table11[[#This Row],[Distance]]>7),"03: 2nd & 8+",IF(AND(Table11[[#This Row],[Down]]=2,Table11[[#This Row],[Distance]]>3,Table11[[#This Row],[Distance]]<8),"04: 2nd & 4 - 7",IF(AND(Table11[[#This Row],[Down]]=2,Table11[[#This Row],[Distance]]<4),"05: 2nd & < 4",IF(AND(Table11[[#This Row],[Down]]=3,Table11[[#This Row],[Distance]]>7),"06: 3rd & 8+",IF(AND(Table11[[#This Row],[Down]]=3,Table11[[#This Row],[Distance]]>3,Table11[[#This Row],[Distance]]<8),"07: 3rd & 4 - 7",IF(AND(Table11[[#This Row],[Down]]=3,Table11[[#This Row],[Distance]]<4),"08: 3rd & < 4",IF(AND(Table11[[#This Row],[Down]]=4,Table11[[#This Row],[Distance]]>1),"09: 4th & 2+",IF(AND(Table11[[#This Row],[Down]]=4,Table11[[#This Row],[Distance]]<2),"10: 4th & < 2"," ")))))))))) -> 01: 1st & 10+ | W68: =IF(AND(Table11[[#This Row],[Yard Line]]>-21,Table11[[#This Row],[Yard Line]]<-1),"0-20",IF(AND(Table11[[#This Row],[Yard Line]]>-50,Table11[[#This Row],[Yard Line]]<-20),"21-49",IF(AND(Table11[[#This Row],[Yard Line]]<51,Table11[[#This Row],[Yard Line]]>20),"50-21",IF(AND(Table11[[#This Row],[Yard Line]]<21,Table11[[#This Row],[Yard Line]]>2),"Red Zone",IF(Table11[[#This Row],[Yard Line]]<3,"Goal Line",""))))) -> 50-21
A69: 18 | B69: 2 | C69: 2 | D69: 6 | E69: 38 | F69: 6 | G69: R | J69: Run | K69: L | L69: B | M69: 1 | P69: =Table11[[#This Row],[Gain/Loss]] -> 6 | Q69: =IF(Table11[[#This Row],[Direction]]="L",0.5,IF(Table11[[#This Row],[Direction]]="M",1.5,2.5)) -> 0.5 | R69: =IF(Table11[[#This Row],[Direction]]="R","Right",IF(Table11[[#This Row],[Direction]]="L","Left","Middle")) -> Left | S69: =IF(Table11[[#This Row],[Pass Zone]]="S",0.5,IF(Table11[[#This Row],[Pass Zone]]="M",1.5,2.5)) -> 2.5 | T69: =IF(AND(Table11[[#This Row],[Direction]]="R",Table11[[#This Row],[Strength]]="R"),"Strong",IF(AND(Table11[[#This Row],[Direction]]="L",Table11[[#This Row],[Strength]]="L"),"Strong",IF(AND(Table11[[#This Row],[Direction]]="R",Table11[[#This Row],[Strength]]="L"),"Weak",IF(AND(Table11[[#This Row],[Direction]]="L",Table11[[#This Row],[Strength]]="R"),"Weak",IF(AND(Table11[[#This Row],[Strength]]="BAL",Table11[[#This Row],[Direction]]="M"),"BAL",""))))) | U69: =IF(AND(Table11[[#This Row],[Hash]]="R",Table11[[#This Row],[Direction]]="L"),"Field",IF(AND(Table11[[#This Row],[Hash]]="L",Table11[[#This Row],[Direction]]="R"),"Field",IF(AND(Table11[[#This Row],[Hash]]="R",Table11[[#This Row],[Direction]]="R"),"Boundry",IF(AND(Table11[[#This Row],[Hash]]="L",Table11[[#This Row],[Direction]]="L"),"Boundry","")))) -> Field | V69: =IF(AND(Table11[[#This Row],[Down]]=1,Table11[[#This Row],[Distance]]>9),"01: 1st & 10+",IF(AND(Table11[[#This Row],[Down]]=1,Table11[[#This Row],[Distance]]<10),"02: 1st & < 10",IF(AND(Table11[[#This Row],[Down]]=2,Table11[[#This Row],[Distance]]>7),"03: 2nd & 8+",IF(AND(Table11[[#This Row],[Down]]=2,Table11[[#This Row],[Distance]]>3,Table11[[#This Row],[Distance]]<8),"04: 2nd & 4 - 7",IF(AND(Table11[[#This Row],[Down]]=2,Table11[[#This Row],[Distance]]<4),"05: 2nd & < 4",IF(AND(Table11[[#This Row],[Down]]=3,Table11[[#This Row],[Distance]]>7),"06: 3rd & 8+",IF(AND(Table11[[#This Row],[Down]]=3,Table11[[#This Row],[Distance]]>3,Table11[[#This Row],[Distance]]<8),"07: 3rd & 4 - 7",IF(AND(Table11[[#This Row],[Down]]=3,Table11[[#This Row],[Distance]]<4),"08: 3rd & < 4",IF(AND(Table11[[#This Row],[Down]]=4,Table11[[#This Row],[Distance]]>1),"09: 4th & 2+",IF(AND(Table11[[#This Row],[Down]]=4,Table11[[#This Row],[Distance]]<2),"10: 4th & < 2"," ")))))))))) -> 04: 2nd & 4 - 7 | W69: =IF(AND(Table11[[#This Row],[Yard Line]]>-21,Table11[[#This Row],[Yard Line]]<-1),"0-20",IF(AND(Table11[[#This Row],[Yard Line]]>-50,Table11[[#This Row],[Yard Line]]<-20),"21-49",IF(AND(Table11[[#This Row],[Yard Line]]<51,Table11[[#This Row],[Yard Line]]>20),"50-21",IF(AND(Table11[[#This Row],[Yard Line]]<21,Table11[[#This Row],[Yard Line]]>2),"Red Zone",IF(Table11[[#This Row],[Yard Line]]<3,"Goal Line",""))))) -> 50-21
A70: 20 | B70: 1 | C70: 1 | D70: 15 | E70: 37 | F70: 0 | G70: L | J70: Run | K70: R | L70: B | M70: 1 | P70: =Table11[[#This Row],[Gain/Loss]] -> 0 | Q70: =IF(Table11[[#This Row],[Direction]]="L",0.5,IF(Table11[[#This Row],[Direction]]="M",1.5,2.5)) -> 2.5 | R70: =IF(Table11[[#This Row],[Direction]]="R","Right",IF(Table11[[#This Row],[Direction]]="L","Left","Middle")) -> Right | S70: =IF(Table11[[#This Row],[Pass Zone]]="S",0.5,IF(Table11[[#This Row],[Pass Zone]]="M",1.5,2.5)) -> 2.5 | T70: =IF(AND(Table11[[#This Row],[Direction]]="R",Table11[[#This Row],[Strength]]="R"),"Strong",IF(AND(Table11[[#This Row],[Direction]]="L",Table11[[#This Row],[Strength]]="L"),"Strong",IF(AND(Table11[[#This Row],[Direction]]="R",Table11[[#This Row],[Strength]]="L"),"Weak",IF(AND(Table11[[#This Row],[Direction]]="L",Table11[[#This Row],[Strength]]="R"),"Weak",IF(AND(Table11[[#This Row],[Strength]]="BAL",Table11[[#This Row],[Direction]]="M"),"BAL",""))))) | U70: =IF(AND(Table11[[#This Row],[Hash]]="R",Table11[[#This Row],[Direction]]="L"),"Field",IF(AND(Table11[[#This Row],[Hash]]="L",Table11[[#This Row],[Direction]]="R"),"Field",IF(AND(Table11[[#This Row],[Hash]]="R",Table11[[#This Row],[Direction]]="R"),"Boundry",IF(AND(Table11[[#This Row],[Hash]]="L",Table11[[#This Row],[Direction]]="L"),"Boundry","")))) -> Field | V70: =IF(AND(Table11[[#This Row],[Down]]=1,Table11[[#This Row],[Distance]]>9),"01: 1st & 10+",IF(AND(Table11[[#This Row],[Down]]=1,Table11[[#This Row],[Distance]]<10),"02: 1st & < 10",IF(AND(Table11[[#This Row],[Down]]=2,Table11[[#This Row],[Distance]]>7),"03: 2nd & 8+",IF(AND(Table11[[#This Row],[Down]]=2,Table11[[#This Row],[Distance]]>3,Table11[[#This Row],[Distance]]<8),"04: 2nd & 4 - 7",IF(AND(Table11[[#This Row],[Down]]=2,Table11[[#This Row],[Distance]]<4),"05: 2nd & < 4",IF(AND(Table11[[#This Row],[Down]]=3,Table11[[#This Row],[Distance]]>7),"06: 3rd & 8+",IF(AND(Table11[[#This Row],[Down]]=3,Table11[[#This Row],[Distance]]>3,Table11[[#This Row],[Distance]]<8),"07: 3rd & 4 - 7",IF(AND(Table11[[#This Row],[Down]]=3,Table11[[#This Row],[Distance]]<4),"08: 3rd & < 4",IF(AND(Table11[[#This Row],[Down]]=4,Table11[[#This Row],[Distance]]>1),"09: 4th & 2+",IF(AND(Table11[[#This Row],[Down]]=4,Table11[[#This Row],[Distance]]<2),"10: 4th & < 2"," ")))))))))) -> 01: 1st & 10+ | W70: =IF(AND(Table11[[#This Row],[Yard Line]]>-21,Table11[[#This Row],[Yard Line]]<-1),"0-20",IF(AND(Table11[[#This Row],[Yard Line]]>-50,Table11[[#This Row],[Yard Line]]<-20),"21-49",IF(AND(Table11[[#This Row],[Yard Line]]<51,Table11[[#This Row],[Yard Line]]>20),"50-21",IF(AND(Table11[[#This Row],[Yard Line]]<21,Table11[[#This Row],[Yard Line]]>2),"Red Zone",IF(Table11[[#This Row],[Yard Line]]<3,"Goal Line",""))))) -> 50-21
A71: 21 | B71: 2 | C71: 2 | D71: 15 | E71: 37 | F71: -7 | G71: R | J71: Pass | K71: M | M71: 1 | N71: 0 | O71: S | P71: =Table11[[#This Row],[Gain/Loss]] -> -7 | Q71: =IF(Table11[[#This Row],[Direction]]="L",0.5,IF(Table11[[#This Row],[Direction]]="M",1.5,2.5)) -> 1.5 | R71: =IF(Table11[[#This Row],[Direction]]="R","Right",IF(Table11[[#This Row],[Direction]]="L","Left","Middle")) -> Middle | S71: =IF(Table11[[#This Row],[Pass Zone]]="S",0.5,IF(Table11[[#This Row],[Pass Zone]]="M",1.5,2.5)) -> 0.5 | T71: =IF(AND(Table11[[#This Row],[Direction]]="R",Table11[[#This Row],[Strength]]="R"),"Strong",IF(AND(Table11[[#This Row],[Direction]]="L",Table11[[#This Row],[Strength]]="L"),"Strong",IF(AND(Table11[[#This Row],[Direction]]="R",Table11[[#This Row],[Strength]]="L"),"Weak",IF(AND(Table11[[#This Row],[Direction]]="L",Table11[[#This Row],[Strength]]="R"),"Weak",IF(AND(Table11[[#This Row],[Strength]]="BAL",Table11[[#This Row],[Direction]]="M"),"BAL",""))))) | U71: =IF(AND(Table11[[#This Row],[Hash]]="R",Table11[[#This Row],[Direction]]="L"),"Field",IF(AND(Table11[[#This Row],[Hash]]="L",Table11[[#This Row],[Direction]]="R"),"Field",IF(AND(Table11[[#This Row],[Hash]]="R",Table11[[#This Row],[Direction]]="R"),"Boundry",IF(AND(Table11[[#This Row],[Hash]]="L",Table11[[#This Row],[Direction]]="L"),"Boundry","")))) | V71: =IF(AND(Table11[[#This Row],[Down]]=1,Table11[[#This Row],[Distance]]>9),"01: 1st & 10+",IF(AND(Table11[[#This Row],[Down]]=1,Table11[[#This Row],[Distance]]<10),"02: 1st & < 10",IF(AND(Table11[[#This Row],[Down]]=2,Table11[[#This Row],[Distance]]>7),"03: 2nd & 8+",IF(AND(Table11[[#This Row],[Down]]=2,Table11[[#This Row],[Distance]]>3,Table11[[#This Row],[Distance]]<8),"04: 2nd & 4 - 7",IF(AND(Table11[[#This Row],[Down]]=2,Table11[[#This Row],[Distance]]<4),"05: 2nd & < 4",IF(AND(Table11[[#This Row],[Down]]=3,Table11[[#This Row],[Distance]]>7),"06: 3rd & 8+",IF(AND(Table11[[#This Row],[Down]]=3,Table11[[#This Row],[Distance]]>3,Table11[[#This Row],[Distance]]<8),"07: 3rd & 4 - 7",IF(AND(Table11[[#This Row],[Down]]=3,Table11[[#This Row],[Distance]]<4),"08: 3rd & < 4",IF(AND(Table11[[#This Row],[Down]]=4,Table11[[#This Row],[Distance]]>1),"09: 4th & 2+",IF(AND(Table11[[#This Row],[Down]]=4,Table11[[#This Row],[Distance]]<2),"10: 4th & < 2"," ")))))))))) -> 03: 2nd & 8+ | W71: =IF(AND(Table11[[#This Row],[Yard Line]]>-21,Table11[[#This Row],[Yard Line]]<-1),"0-20",IF(AND(Table11[[#This Row],[Yard Line]]>-50,Table11[[#This Row],[Yard Line]]<-20),"21-49",IF(AND(Table11[[#This Row],[Yard Line]]<51,Table11[[#This Row],[Yard Line]]>20),"50-21",IF(AND(Table11[[#This Row],[Yard Line]]<21,Table11[[#This Row],[Yard Line]]>2),"Red Zone",IF(Table11[[#This Row],[Yard Line]]<3,"Goal Line",""))))) -> 50-21
A72: 22 | B72: 3 | C72: 3 | D72: 22 | E72: 44 | F72: 0 | G72: R | J72: Run | K72: R | L72: B | M72: 1 | P72: =Table11[[#This Row],[Gain/Loss]] -> 0 | Q72: =IF(Table11[[#This Row],[Direction]]="L",0.5,IF(Table11[[#This Row],[Direction]]="M",1.5,2.5)) -> 2.5 | R72: =IF(Table11[[#This Row],[Direction]]="R","Right",IF(Table11[[#This Row],[Direction]]="L","Left","Middle")) -> Right | S72: =IF(Table11[[#This Row],[Pass Zone]]="S",0.5,IF(Table11[[#This Row],[Pass Zone]]="M",1.5,2.5)) -> 2.5 | T72: =IF(AND(Table11[[#This Row],[Direction]]="R",Table11[[#This Row],[Strength]]="R"),"Strong",IF(AND(Table11[[#This Row],[Direction]]="L",Table11[[#This Row],[Strength]]="L"),"Strong",IF(AND(Table11[[#This Row],[Direction]]="R",Table11[[#This Row],[Strength]]="L"),"Weak",IF(AND(Table11[[#This Row],[Direction]]="L",Table11[[#This Row],[Strength]]="R"),"Weak",IF(AND(Table11[[#This Row],[Strength]]="BAL",Table11[[#This Row],[Direction]]="M"),"BAL",""))))) | U72: =IF(AND(Table11[[#This Row],[Hash]]="R",Table11[[#This Row],[Direction]]="L"),"Field",IF(AND(Table11[[#This Row],[Hash]]="L",Table11[[#This Row],[Direction]]="R"),"Field",IF(AND(Table11[[#This Row],[Hash]]="R",Table11[[#This Row],[Direction]]="R"),"Boundry",IF(AND(Table11[[#This Row],[Hash]]="L",Table11[[#This Row],[Direction]]="L"),"Boundry","")))) -> Boundry | V72: =IF(AND(Table11[[#This Row],[Down]]=1,Table11[[#This Row],[Distance]]>9),"01: 1st & 10+",IF(AND(Table11[[#This Row],[Down]]=1,Table11[[#This Row],[Distance]]<10),"02: 1st & < 10",IF(AND(Table11[[#This Row],[Down]]=2,Table11[[#This Row],[Distance]]>7),"03: 2nd & 8+",IF(AND(Table11[[#This Row],[Down]]=2,Table11[[#This Row],[Distance]]>3,Table11[[#This Row],[Distance]]<8),"04: 2nd & 4 - 7",IF(AND(Table11[[#This Row],[Down]]=2,Table11[[#This Row],[Distance]]<4),"05: 2nd & < 4",IF(AND(Table11[[#This Row],[Down]]=3,Table11[[#This Row],[Distance]]>7),"06: 3rd & 8+",IF(AND(Table11[[#This Row],[Down]]=3,Table11[[#This Row],[Distance]]>3,Table11[[#This Row],[Distance]]<8),"07: 3rd & 4 - 7",IF(AND(Table11[[#This Row],[Down]]=3,Table11[[#This Row],[Distance]]<4),"08: 3rd & < 4",IF(AND(Table11[[#This Row],[Down]]=4,Table11[[#This Row],[Distance]]>1),"09: 4th & 2+",IF(AND(Table11[[#This Row],[Down]]=4,Table11[[#This Row],[Distance]]<2),"10: 4th & < 2"," ")))))))))) -> 06: 3rd & 8+ | W72: =IF(AND(Table11[[#This Row],[Yard Line]]>-21,Table11[[#This Row],[Yard Line]]<-1),"0-20",IF(AND(Table11[[#This Row],[Yard Line]]>-50,Table11[[#This Row],[Yard Line]]<-20),"21-49",IF(AND(Table11[[#This Row],[Yard Line]]<51,Table11[[#This Row],[Yard Line]]>20),"50-21",IF(AND(Table11[[#This Row],[Yard Line]]<21,Table11[[#This Row],[Yard Line]]>2),"Red Zone",IF(Table11[[#This Row],[Yard Line]]<3,"Goal Line",""))))) -> 50-21
A73: 34 | B73: 1 | C73: 1 | D73: 10 | E73: -39 | F73: 7 | G73: L | J73: Run | K73: R | L73: B | M73: 1 | P73: =Table11[[#This Row],[Gain/Loss]] -> 7 | Q73: =IF(Table11[[#This Row],[Direction]]="L",0.5,IF(Table11[[#This Row],[Direction]]="M",1.5,2.5)) -> 2.5 | R73: =IF(Table11[[#This Row],[Direction]]="R","Right",IF(Table11[[#This Row],[Direction]]="L","Left","Middle")) -> Right | S73: =IF(Table11[[#This Row],[Pass Zone]]="S",0.5,IF(Table11[[#This Row],[Pass Zone]]="M",1.5,2.5)) -> 2.5 | T73: =IF(AND(Table11[[#This Row],[Direction]]="R",Table11[[#This Row],[Strength]]="R"),"Strong",IF(AND(Table11[[#This Row],[Direction]]="L",Table11[[#This Row],[Strength]]="L"),"Strong",IF(AND(Table11[[#This Row],[Direction]]="R",Table11[[#This Row],[Strength]]="L"),"Weak",IF(AND(Table11[[#This Row],[Direction]]="L",Table11[[#This Row],[Strength]]="R"),"Weak",IF(AND(Table11[[#This Row],[Strength]]="BAL",Table11[[#This Row],[Direction]]="M"),"BAL",""))))) | U73: =IF(AND(Table11[[#This Row],[Hash]]="R",Table11[[#This Row],[Direction]]="L"),"Field",IF(AND(Table11[[#This Row],[Hash]]="L",Table11[[#This Row],[Direction]]="R"),"Field",IF(AND(Table11[[#This Row],[Hash]]="R",Table11[[#This Row],[Direction]]="R"),"Boundry",IF(AND(Table11[[#This Row],[Hash]]="L",Table11[[#This Row],[Direction]]="L"),"Boundry","")))) -> Field | V73: =IF(AND(Table11[[#This Row],[Down]]=1,Table11[[#This Row],[Distance]]>9),"01: 1st & 10+",IF(AND(Table11[[#This Row],[Down]]=1,Table11[[#This Row],[Distance]]<10),"02: 1st & < 10",IF(AND(Table11[[#This Row],[Down]]=2,Table11[[#This Row],[Distance]]>7),"03: 2nd & 8+",IF(AND(Table11[[#This Row],[Down]]=2,Table11[[#This Row],[Distance]]>3,Table11[[#This Row],[Distance]]<8),"04: 2nd & 4 - 7",IF(AND(Table11[[#This Row],[Down]]=2,Table11[[#This Row],[Distance]]<4),"05: 2nd & < 4",IF(AND(Table11[[#This Row],[Down]]=3,Table11[[#This Row],[Distance]]>7),"06: 3rd & 8+",IF(AND(Table11[[#This Row],[Down]]=3,Table11[[#This Row],[Distance]]>3,Table11[[#This Row],[Distance]]<8),"07: 3rd & 4 - 7",IF(AND(Table11[[#This Row],[Down]]=3,Table11[[#This Row],[Distance]]<4),"08: 3rd & < 4",IF(AND(Table11[[#This Row],[Down]]=4,Table11[[#This Row],[Distance]]>1),"09: 4th & 2+",IF(AND(Table11[[#This Row],[Down]]=4,Table11[[#This Row],[Distance]]<2),"10: 4th & < 2"," ")))))))))) -> 01: 1st & 10+ | W73: =IF(AND(Table11[[#This Row],[Yard Line]]>-21,Table11[[#This Row],[Yard Line]]<-1),"0-20",IF(AND(Table11[[#This Row],[Yard Line]]>-50,Table11[[#This Row],[Yard Line]]<-20),"21-49",IF(AND(Table11[[#This Row],[Yard Line]]<51,Table11[[#This Row],[Yard Line]]>20),"50-21",IF(AND(Table11[[#This Row],[Yard Line]]<21,Table11[[#This Row],[Yard Line]]>2),"Red Zone",IF(Table11[[#This Row],[Yard Line]]<3,"Goal Line",""))))) -> 21-49
A74: 35 | B74: 2 | C74: 2 | D74: 3 | E74: -46 | F74: 5 | G74: L | J74: Run | K74: R | L74: B | M74: 1 | P74: =Table11[[#This Row],[Gain/Loss]] -> 5 | Q74: =IF(Table11[[#This Row],[Direction]]="L",0.5,IF(Table11[[#This Row],[Direction]]="M",1.5,2.5)) -> 2.5 | R74: =IF(Table11[[#This Row],[Direction]]="R","Right",IF(Table11[[#This Row],[Direction]]="L","Left","Middle")) -> Right | S74: =IF(Table11[[#This Row],[Pass Zone]]="S",0.5,IF(Table11[[#This Row],[Pass Zone]]="M",1.5,2.5)) -> 2.5 | T74: =IF(AND(Table11[[#This Row],[Direction]]="R",Table11[[#This Row],[Strength]]="R"),"Strong",IF(AND(Table11[[#This Row],[Direction]]="L",Table11[[#This Row],[Strength]]="L"),"Strong",IF(AND(Table11[[#This Row],[Direction]]="R",Table11[[#This Row],[Strength]]="L"),"Weak",IF(AND(Table11[[#This Row],[Direction]]="L",Table11[[#This Row],[Strength]]="R"),"Weak",IF(AND(Table11[[#This Row],[Strength]]="BAL",Table11[[#This Row],[Direction]]="M"),"BAL",""))))) | U74: =IF(AND(Table11[[#This Row],[Hash]]="R",Table11[[#This Row],[Direction]]="L"),"Field",IF(AND(Table11[[#This Row],[Hash]]="L",Table11[[#This Row],[Direction]]="R"),"Field",IF(AND(Table11[[#This Row],[Hash]]="R",Table11[[#This Row],[Direction]]="R"),"Boundry",IF(AND(Table11[[#This Row],[Hash]]="L",Table11[[#This Row],[Direction]]="L"),"Boundry","")))) -> Field | V74: =IF(AND(Table11[[#This Row],[Down]]=1,Table11[[#This Row],[Distance]]>9),"01: 1st & 10+",IF(AND(Table11[[#This Row],[Down]]=1,Table11[[#This Row],[Distance]]<10),"02: 1st & < 10",IF(AND(Table11[[#This Row],[Down]]=2,Table11[[#This Row],[Distance]]>7),"03: 2nd & 8+",IF(AND(Table11[[#This Row],[Down]]=2,Table11[[#This Row],[Distance]]>3,Table11[[#This Row],[Distance]]<8),"04: 2nd & 4 - 7",IF(AND(Table11[[#This Row],[Down]]=2,Table11[[#This Row],[Distance]]<4),"05: 2nd & < 4",IF(AND(Table11[[#This Row],[Down]]=3,Table11[[#This Row],[Distance]]>7),"06: 3rd & 8+",IF(AND(Table11[[#This Row],[Down]]=3,Table11[[#This Row],[Distance]]>3,Table11[[#This Row],[Distance]]<8),"07: 3rd & 4 - 7",IF(AND(Table11[[#This Row],[Down]]=3,Table11[[#This Row],[Distance]]<4),"08: 3rd & < 4",IF(AND(Table11[[#This Row],[Down]]=4,Table11[[#This Row],[Distance]]>1),"09: 4th & 2+",IF(AND(Table11[[#This Row],[Down]]=4,Table11[[#This Row],[Distance]]<2),"10: 4th & < 2"," ")))))))))) -> 05: 2nd & < 4 | W74: =IF(AND(Table11[[#This Row],[Yard Line]]>-21,Table11[[#This Row],[Yard Line]]<-1),"0-20",IF(AND(Table11[[#This Row],[Yard Line]]>-50,Table11[[#This Row],[Yard Line]]<-20),"21-49",IF(AND(Table11[[#This Row],[Yard Line]]<51,Table11[[#This Row],[Yard Line]]>20),"50-21",IF(AND(Table11[[#This Row],[Yard Line]]<21,Table11[[#This Row],[Yard Line]]>2),"Red Zone",IF(Table11[[#This Row],[Yard Line]]<3,"Goal Line",""))))) -> 21-49
